병원코드(쇼핑몰),병원명,주소,병원코드(SAP)
1,test,서울특별시 강남구 논현로 847 (신사동),sap1
2358,가디병원,서울특별시 금천구 가마산로 96 (가산동) ( 대륭테크노타운8차 ),sap2
2353,코드엠,서울특별시 금천구 서부샛길 606 (가산동) 대성디폴리스지식산업센터,sap3
4704,케이비엠메디칼,서울 구로구 경인로 393-7 (고척동. 일이삼전자타운),sap4
4705,"라온메디칼 (대구, 경북 대리점)",대구광역시 동구 화랑로25길 42 (효목동),sap5
4706,메디아트 (호남권 대리점),광주 북구 설죽로 495-10 (일곡동),sap6
4707,케이제이메드 (부울경 대리점),부산 연제구 중앙대로 1073 (연산동. (주)부산은행건물),sap7
4708,이즈메드 (충청권 대리점),대전 유성구 테크노4로 17 (관평동),sap8
4709,브랜드유의원,전남여수시 시청로 46,sap9
4710,유진스의원,서울 강남구 압구정로28길 49 (신사동. 유림아트홀),sap10
4711,동안나라의원,충북 청주시 흥덕구 대농로 50 (복대동),sap11
4712,클로엔성형외과,서울 서초구 서초대로73길 42 (서초동. 강남역리가스퀘어),sap12
4713,고운세상김양제장봉석피부과,부산 부산진구 중앙대로 686 (부전동),sap13
4714,청담 밴스의원,서울 강남구 선릉로 822 (청담동. 체월든),sap14
4715,유앤아이의원 명동점,서울 중구 남대문로 78 (명동1가. 타임워크명동빌딩),sap15
4716,연세피부과의원,충북 제천시 독순로 79 (중앙로2가. 내토메디컬센터),sap16
4717,프로젝트 유 의원,서울 마포구 양화로 162 (동교동),sap17
4718,메디컬오한의원,서울 강남구 논현로 820 (신사동. 제이씨빌딩),sap18
4719,드올의원,서울 강남구 도산대로 122 (논현동. 에메랄드타워),sap19
4720,데네브의원,경기 안양시 동안구 호계동 995-18,sap20
4721,세일플러스의원,대전 중구 대종로 169 (석교동),sap21
4723,갤러리아의원,충남 천안시 서북구 공원로 219 (불당동),sap22
4724,서대문우태하피부과,서울 서대문구 응암로 64 (북가좌동),sap23
4725,맑은결의원,대구 달서구 와룡로 123 (감삼동. 죽전역 동화아이위시),sap24
4726,화이트필의원,경북 경산시 경안로 202 (중방동),sap25
4727,청당라이프의원,충남 천안시 동남구 청당5로 36 (청당동),sap26
4728,닥터오의원,서울 영등포구 선유로 63 (문래동6가. EEU동신타워),sap27
4729,리프트성형외과의원,대구 중구 달구벌대로 2127 (봉산동. S타워),sap28
4730,글로미의원,대구 중구 동성로2길 81 (동성로2가),sap29
4731,민성형외과,전남 여수시 망마로 39 (학동. 준빌딩),sap30
4732,아이워너비의원,대전 유성구 엑스포로 1 (도룡동),sap31
4733,클레르피부과,세종특별자치시 한누리대로 1820 (반곡동. 왕관빌딩),sap32
4734,룩스웰의원,충북 청주시 흥덕구 대농로 39 (복대동),sap33
4735,하이린의원,대구 중구 달구벌대로 2033 (동산동. 엘디스리젠트호텔),sap34
4736,잇츠미의원,세종특별자치시 한누리대로 253 (나성동. 에스빌딩),sap35
4737,잇츠미의원,대전 서구 대덕대로 223 (둔산동),sap36
4738,황금피부과의원,대구 수성구 동대구로 111 (황금동. 황금빌딩),sap37
4740,뷰티제이의원,경남 창원시 마산회원구 양덕로 190 (석전동),sap38
4741,더웰피부과의원,대전 서구 구봉로131번길 49 (관저동),sap39
4742,스타S피부과,대구 중구 중앙대로 366 (덕산동),sap40
4743,잇츠미의원,충남 천안시 동남구 만남로 50 (신부동. 터미널프라자),sap41
4744,밴스의원 천안,충남 천안시 서북구 불당21로 67-18 (불당동),sap42
4745,쉬즈위시의원,부산 부산진구 동평로 83 (당감동. 미래메디칼),sap43
4746,블리비의원 안양,경기 안양시 동안구 시민대로 214 (호계동. 다운타운빌딩),sap44
4747,스노우의원,경기 평택시 고덕국제7로 117 (고덕동),sap45
4748,미호의원,경남 양산시 동면 금오13길 20 (석산리. 센텀빌딩),sap46
4749,수피부과의원,대구 남구 명덕로 326 (이천동),sap47
4750,로아르피부과의원,부산 금정구 금강로 441 (구서동. 이강빌딩),sap48
4752,더블유피부과의원,대전 서구 대덕대로 195 (둔산동),sap49
4753,뷰레스트의원,경기 화성시 동탄대로 537 (오산동),sap50
4755,블레싱피부과,서울 서초구 반포대로 291 (반포동. 원베일리 스퀘어),sap51
4756,W클리닉의원,서울 강남구 테헤란로 513 (삼성동. 삼성동 K-TOWER),sap52
4758,서울피부과의원,부산 해운대구 해운대해변로 154 (우동. 마리나동원),sap53
4759,늘봄피부과의원,광주 북구 북문대로 88 (운암동. 운암2차 남양휴튼),sap54
4760,톤즈의원 수원광교점,경기 수원시 영통구 에듀타운로 102 (이의동. 광교중앙역 SK VIEW),sap55
4761,뷰티라운지의원,서울 용산구 한강대로 109 (한강로2가. 용성비즈텔),sap56
4763,청담헤아린의원,부산 해운대구 센텀동로 9 (우동. 트럼프월드센텀아파트),sap57
4764,에이미의원,충남 계룡시 서금암2길 20 (금암동),sap58
4765,클린앤피부과,충청남도 천안시 서북구 불당21로 67-8 (불당동),sap59
4767,수미인의원,울산 울주군 범서읍 구영로 104 (구영리),sap60
4768,연세엘레핀의원,울산 남구 삼산중로 69 (달동),sap61
4769,브이에스라인의원 일산점,경기 고양시 일산동구 정발산로 31-17 (장항동),sap62
4770,파르베의원,대구 중구 남일동 58,sap63
4771,클린스의원,충남 아산시 탕정면 한들물빛도시로 88 (매곡리. 거산타워),sap64
4772,제이원성형외과,충북 청주시 흥덕구 2순환로 1258 (가경동),sap65
4773,오라클피부과의원,광주 북구 하서로 395 (양산동. 빛고을 여성병원),sap66
4774,스타피부과의원,부산 부산진구 서면로 74 (부전동. 아이온시티빌딩),sap67
4775,미미썸의원 김해점,경남 김해시 경원로 67 (내동),sap68
4778,제이린의원,부산 부산진구 중앙대로 672 (부전동. 삼정타워),sap69
4779,창원하얀나라피부과,경남 창원시 성산구 상남동 10-5,sap70
4781,고운세상피부과의원(서부산점),부산 강서구 명지국제5로 42 (명지동. 동진빌딩),sap71
4782,울산중구강남의원,울산 중구 번영로 566 (남외동),sap72
4783,바로그의원 하단점,부산 사하구 낙동남로 1412 (하단동. 경부빌딩),sap73
4784,청담FnB의원,대구 중구 동성로5길 26 (삼덕동1가),sap74
4785,오빛나의원,서울 강서구 강서로 380 (등촌동),sap75
4786,올뷰티의원,대전 유성구 도안대로 512-12 (봉명동),sap76
4787,플로레의원,서울 중구 명동10길 41 (충무로2가),sap77
4788,벧엘피부과의원,부산 동래구 충렬대로 160 (온천동),sap78
4789,고운빛의원,전남 순천시 연향번영길 122 (연향동. 휴대폰종합할인매장),sap79
4790,일라스의원,부산 해운대구 센텀2로 25 (우동. 센텀드림월드),sap80
4791,대전미의원,대전 서구 둔산로 34(둔산동. 씨엔씨타워),sap81
4792,실로스의원,경남 창원시 성산구 중앙대로 114 (상남동. 제일은행),sap82
4793,벨다드의원,경남 창원시 성산구 마디미서로 3 (상남동. 세중빌딩),sap83
4794,유앤아이의원 광주점,광주 서구 상무중앙로 24 (치평동),sap84
4795,샤인유의원 (천안점),충남 천안시 서북구 불당21로 65 (불당동),sap85
4796,미래피부과,전북특별자치도 전주시 덕진구 기린대로 465 (덕진동1가),sap86
4797,리뉴외과의원,서울 강남구 도산대로 335 (신사동. J MEDI TOWER),sap87
4798,뷰티온의원 평택고덕점,경기 평택시 고덕중앙로 218 (고덕동),sap88
4799,케이피부과,부산광역시 수영구 수영로 693 (수영동) BNK 수영타워,sap89
4800,셀럽성형외과의원,경남 창원시 성산구 마디미동로 31 (상남동. 호동빌딩),sap90
4801,언제나365의원,서울 용산구 서빙고로 17 (한강로3가),sap91
4802,맑은피부과,부산 서구 보수대로 9 (충무동1가),sap92
4803,리쥬미의원,부산 연제구 중앙대로 1107 (연산동. 연산동e메디칼),sap93
4805,데르마피부과의원,부산 해운대구 해운대로 415 (우동),sap94
4806,헤라의원,부산 부산진구 중앙대로 664 (부전동. 이랜드 PEER 서면),sap95
4807,리엘르의원,서울 마포구 양화로 162 (동교동. 좋은사람들 빌딩),sap96
4808,엘리스의원,광주 동구 호남동 35-3,sap97
4809,뮤즈의원 대전점,대전 서구 대덕대로 229 (둔산동. 명화빌딩),sap98
4810,메이의원,서울 중구 명동8길 14 (명동2가),sap99
4811,톡스앤필의원 대전둔산점,대전 서구 대덕대로 226 (둔산동),sap100
4812,화이트퀸의원,대구광역시 중구 동성로 36 (동성로2가),sap101
4813,유앤아이의원 마곡점,서울 강서구 공항대로 168 (마곡동. 747),sap102
4814,블리비의원/수원인계,경기 수원시 팔달구 권광로 181 (인계동. 씨네파크),sap103
4815,올댓라인의원,충북 청주시 흥덕구 대농로 66 (복대동),sap104
4816,댄클리닉,경남 창원시 성산구 중앙대로100번길 13 (상남동),sap105
4818,지움의원,경남 창원시 성산구 마디미로16번길 11 (상남동. 지원빌딩),sap106
4819,채영수피부과의원,울산광역시 남구 삼산로 273 삼산타워 8층 ,sap107
4820,블리비의원 수원점,경기 수원시 팔달구 갓매산로 38 (매산로2가. 다성빌딩),sap108
4821,리즈온의원 부산점,부산 부산진구 가야대로 783 (부전동),sap109
4822,에스덤의원,울산 북구 박상진12로 11 (송정동. 지오타워),sap110
4823,뮤즈의원,경남 창원시 성산구 단정로 13 (상남동. 에이스타워),sap111
4824,코앤유피부과,서울 구로구 경인로59길 8 (신도림동. 태영프라자),sap112
4825,강남포에버의원,서울 강남구 강남대로 446 (역삼동. 한웰빌딩),sap113
4826,러블리피부과의원,대전 서구 둔산남로 107 (둔산동),sap114
4827,센텀쁘띠 의원,경남 거제시 서문로5길 6 (고현동),sap115
4828,미앤사랑피부과,광주 서구 풍암중앙로 41 (풍암동),sap116
4829,예사랑피부과,광주 서구 금화로 90 (금호동. 동해빌딩),sap117
4830,서울나인앤의원,충남 천안시 서북구 불당22대로 86 (불당동. 마블러스에스타워),sap118
4831,미하이의원 전주,전북 전주시 완산구 홍산로 245 (효자동2가),sap119
4832,톱스타성형외과의원,광주 서구 상무중앙로 42 (치평동. 오션2빌딩),sap120
4833,리베리의원 화성병점,경기 화성시 병점노을4로 29 (병점동),sap121
4834,하얀나라피부과,부산 해운대구 양운로 82 (좌동. 해운대화인크리닉센타),sap122
4835,디알피부과의원,서울 강남구 도산대로 404 (청담동. 퍼스트빌딩),sap123
4836,톡스앤필의원,충북 청주시 흥덕구 2순환로 1240 (강서동),sap124
4838,블리비의원 노원,서울 노원구 동일로 1413 (상계동. 남성빌딩),sap125
4839,뷰티라운지의원,서울 강남구 강남대로 442 (역삼동),sap126
4840,시티피부과,대전 유성구 도안대로 591 (봉명동),sap127
4841,화순미의원,전남 화순군 화순읍 칠충로 141-7 (교리. 힐스테이트 화순),sap128
4842,유앤아이부산점,부산 부산진구 중앙대로 677 (부전동. 파고다 아카데미),sap129
4844,프리티플러스,전북 전주시 완산구 유연로 291 (서신동),sap130
4845,뮤즈의원 청주,충북 청주시 흥덕구 대농로 33 (복대동),sap131
4847,빈센트의원,서울 중구 퇴계로 116-1 (회현동3가. 삼영빌딩),sap132
4848,우아성형외과의원,서울 강남구 논현로 815 (신사동. 부르다문 빌딩),sap133
4850,유픽의원,서울 서초구 강남대로 403 (서초동),sap134
4851,톡스앤필,경기 안산시 단원구 예술대학로 17 (고잔동. 안산중앙노블레스),sap135
4852,뷰티라인의원,광주 광산구 수완동 1430,sap136
4854,데이뷰의원 건대입구역,서울 광진구 동일로20길 106 (자양동),sap137
4855,뷰티라운지의원 창원점,경남 창원시 성산구 상남로 93 (상남동),sap138
4857,더맑은의원,전북특별자치도 익산시 무왕로 1068 (영등동),sap139
4858,닥터디자이너의원/울산,울산 남구 삼산로 253 (달동. KB증권울산사옥),sap140
4859,넬의원,부산 부산진구 서면로 60 (부전동),sap141
4860,울산 예쁨주의 쁨의원,울산 남구 삼산로 258 (달동),sap142
4861,예쁨주의쁨의원,경기 부천시 원미구 길주로 219 (중동. 드림빌딩),sap143
4862,블리비의원전주점,전북 전주시 완산구 홍산로 249 (효자동2가. 대신빌딩),sap144
4863,포에버의원 위례,서울 송파구 위례광장로 188 (장지동. 아이온스퀘어),sap145
4864,나인의원,서울 은평구 통일로 855-8 (갈현동. 연신내진원와이타운),sap146
4865,지우의원,서울 강남구 테헤란로 107 (역삼동. 메디타워),sap147
4868,리즈온의원 수원점,경기 수원시 팔달구 권광로 163 (인계동. 보성빌딩),sap148
4869,바로그의원거제점,경남 거제시 거제중앙로 1941,sap149
4870,다시봄날의원,인천 중구 하늘중앙로195번길 21 (중산동),sap150
4872,그대고운피부과,부산 해운대구 세실로 64 (좌동. 화목데파트),sap151
4874,주식회사미라클덤,강원특별자치도 춘천시 방송길 77 (온의동. 춘천 센트럴타워 푸르지오),sap152
4875,엘리 피부과 의원,경기 용인시 수지구 성복2로 58 (성복동. 영진빌딩),sap153
4876,잇츠미의원 계룡점,충남 계룡시 장안로 43 (금암동. 대승빌딩),sap154
4877,엘린의원,부산 금정구 중앙대로1841번길 2 (구서동. 유원타워),sap155
4878,앨리스의원,대전 서구 대덕대로 203 (둔산동. 미래빌딩),sap156
4879,뷰티온의원 안양범계점,경기 안양시 동안구 시민대로 202 (호계동. 에메랄드빌딩),sap157
4880,톡스앤필의원,경기 파주시 청암로17번길 55 (목동동),sap158
4881,밴스의원 광주,광주 서구 죽봉대로 68 (농성동),sap159
4882,의료법인영진의료재단,경남 김해시 번화1로 36 (대청동),sap160
4883,엘루나의원,대전 서구 대덕대로 198 (둔산동),sap161
4884,블리비의원 명동,서울 중구 남대문로 84 (남대문로2가),sap162
4885,톡스앤필의원,광주 서구 운천로 207 (치평동. 신환빌딩),sap163
4886,팝의원,대전 서구 대덕대로175번길 16 (둔산동),sap164
4887,유앤아이의원 평택점,경기 평택시 평남로 862 (비전동),sap165
4889,블리비의원 광주,서울특별시 마포구 양화로 161 (동교동) 케이스퀘어,sap166
4890,뷰티라운지 의원,충남 천안시 서북구 불당21로 67-26 (불당동),sap167
4893,멜로우피부과의원,서울 도봉구 마들로13길 61 (창동. 씨드큐브 창동),sap168
4895,닥터윤 뷰티플의원,서울 강남구 학동로20길 55 (논현동. 해림빌딩),sap169
4896,디엘(DL)성형외과의원,서울 서초구 강남대로 563 (잠원동. 페이토),sap170
4897,톤즈의원의정부점,경기 의정부시 시민로 80 (의정부동. 센트럴타워),sap171
4900,서울예쁨의원,경기 남양주시 다산지금로 139 (다산동),sap172
4902,광주미의원,광주 서구 농성동 460-33,sap173
4903,화이트앤블루의원,전남 여수시 망마로 25 (학동),sap174
4904,나인피부과,서울 서초구 강남대로 463 (서초동. 리젠메디컬타워),sap175
4905,데이샤인의원,경기 화성시 효행로 1052 (병점동. 씨네샤르망),sap176
4907,더차오름의(더차오름클리닉),대구 달서구 달구벌대로 1545 (죽전동. 골든뷰 메디타워),sap177
4908,주식회사 엠에스지,서울 강남구 봉은사로 125 (논현동. 리스트 강남(List Gangnam)),sap178
4909,씨앤미의원구미점,경북 구미시 구미중앙로 83 (원평동),sap179
4910,씨앤미의원 경주점,경북 경주시 화랑로 110 (동부동),sap180
4911,군산아름다운피부과의원,전북특별자치도 군산시 월명로 248 (수송동),sap181
4913,미미썸의원광주점,광주 서구 죽봉대로 80 (농성동),sap182
4914,라민의원,서울 중구 무교로 19 (무교동. 더익스체인지서울몰),sap183
4915,레이의원,서울 강남구 선릉로153길 13 (신사동. 한조빌딩),sap184
4916,어뉴의원,서울 중구 무교로 12 (무교동. 정오빌딩),sap185
4917,나우메디의원,제주특별자치도 제주시 연북로 511 (아라일동. 에이플렉스),sap186
4918,씨앤미의원 포항점,경북 포항시 북구 중앙상가길 52 (상원동),sap187
4919,바로그의원울산점,울산 남구 삼산로 287 (삼산동),sap188
4920,블리비의원 김해,경남 김해시 가락로 24 (부원동),sap189
4921,밴스의원 부산,부산 부산진구 서면로68번길 48 (부전동),sap190
4925,블리비의원 평택,경기 평택시 중앙2로 13 (평택동),sap191
4926,아비쥬의원,서울 동대문구 왕산로 214 (전농동. 청량리역.롯데백화점),sap192
4927,리프톤피부과의원,서울 강남구 도산대로 119 (신사동),sap193
4929,롤리팝성형외과의원,서울 강남구 신사동 514-2,sap194
4930,셀린의원 용인수지,경기 용인시 수지구 수지로296번길 51-12 (풍덕천동),sap195
4931,이에스청담성형외과의원,서울 강남구 도산대로 435 (청담동. 삼이빌딩),sap196
4932,예쁨주의쁨의원,서울 강서구 공항대로 282 (내발산동. 현웅빌딩),sap197
4933,톤즈의원 홍대점,서울 마포구 양화로 140 (동교동),sap198
4934,블리비의원 김포,경기 김포시 김포한강4로 531 (구래동),sap199
4935,바로그의원 강남,서울 강남구 강남대로 410 (역삼동. 우신빌딩),sap200
4936,광화문헤리티크피부과의원,서울 종로구 새문안로 91 (신문로1가. 광화문 고려빌딩),sap201
4938,올림피움채움의원 수원점,경기 수원시 영통구 덕영대로 1470 (망포동. 망포역 플래티넘베이스),sap202
4939,타임뷰의원,경기 남양주시 별내중앙로 24 (별내동),sap203
4941,송도오라클피부과,인천 연수구 하모니로178번길 6 (송도동),sap204
4942,블리비의원 고양,경기 고양시 일산동구 정발산로 38 (장항동. 장항동이스턴시티),sap205
4944,마노성형외과의원,서울 서초구 강남대로 605 (잠원동. 세양21세기 휴먼TOWER),sap206
4945,다시봄날의원 마곡,서울 강서구 마곡중앙8로 85 (마곡동. 파인스퀘어Ⅱ),sap207
4946,블리비의원 제주,제주특별자치도 제주시 노형로 407 (노형동. 노형타워),sap208
4947,밴스의원 충주,충북 충주시 갱고개로 147 (연수동),sap209
4948,밴스의원 판교점,경기 성남시 분당구 분당내곡로 117 (백현동. 그레이츠 판교(GREITS PANGYO)),sap210
4949,톤즈의원 동탄점,경기 화성시 동탄원천로 157 (반송동. 오피스타워),sap211
4950,블리비의원 서면,부산 부산진구 중앙대로 694 (부전동. 쥬디스태화),sap212
4951,압구정비앤미의원,서울 강남구 압구정로46길 5-10 (신사동. 압구정로데오스타),sap213
4952,힐리브의원,서울 강남구 도산대로 106 (논현동. BK성형외과),sap214
4953,미인도의원,인천 미추홀구 독배로 309 (용현동. 노블레스타워),sap215
4954,몬스터의원,서울 강남구 압구정로30길 16 (신사동. 아크힐즈16),sap216
4955,다은의원,경기 평택시 중앙2로 121 (합정동),sap217
4956,메이드유의원,서울 강남구 강남대로 516 (논현동. 제아메디컬빌딩),sap218
4958,필로스의원,서울 강남구 신사동 653,sap219
4959,해피아이리스의원,서울 송파구 오금로 543 (거여동),sap220
4960,다오의원,서울 중구 퇴계로 123 (충무로2가. 하이헤리엇),sap221
4961,더아이비의원,경기 용인시 수지구 광교중앙로 314 (상현동. 세현빌딩),sap222
4962,메이린청담의원,서울 강남구 압구정로 432 (청담동),sap223
4964,블리비의원 동대문,서울 동대문구 왕산로 190 (전농동),sap224
4965,피부사랑피부과의원,강원특별자치도 춘천시 금강로 68-2 (조양동),sap225
4966,미톡스외과의원,서울 송파구 가락로 183 (송파동. 한양아파트상가),sap226
4967,글로벌 쁨의원,서울 서초구 서초대로77길 55 (서초동. 에이프로 스퀘어),sap227
4968,이레피부과,서울특별시 용산구 서빙고로 17 (한강로3가),sap228
4970,톤즈의원 강남점,서울특별시 서초구 강남대로 439 (서초동) 유화빌딩,sap229
4971,톡스앤필의원,경기 부천시 길주로 273 (중동. 신명타운),sap230
4972,밴스의원/용산점,서울 용산구 새창로 217 (한강로2가. 용산토투밸리),sap231
4973,데이뷰의원 마포홍대점,서울 마포구 양화로 165 (동교동. 상진빌딩),sap232
4975,동탄스노우의원,경기 화성시 동탄대로 446 (청계동. 동탄역 그란비아스타),sap233
4976,올리팅성형외과의원,서울 강남구 강남대로 402 (역삼동. 시계탑빌딩),sap234
4978,리베리의원 청주점,충북 청주시 청원구 오창읍 중심상업로 27 (양청리. 엔젤알파),sap235
4979,리베리의원 영종도점,인천 중구 하늘중앙로195번길 20 (중산동),sap236
4981,아비쥬의원 홍대점,서울 마포구 양화로 162 (동교동. 좋은사람들 빌딩),sap237
4982,리베리의원,경기 하남시 감일중앙로 60 (감이동. 감일 벨솔레 파크),sap238
4984,다시온 의원,서울 강남구 강남대로 320 (역삼동. 황화빌딩),sap239
4986,허니즈의원,인천 남동구 인하로489번길 10 (구월동. 시티프라자),sap240
4987,포에버성형외과의원,서울 강남구 논현동 66-24,sap241
4988,나다움의원,인천 연수구 하모니로 158 (송도동. 송도타임스페이스),sap242
4989,미켈란에이치의원,경기 성남시 분당구 정자동 180,sap243
4990,라르떼의원,서울 강동구 올림픽로 664 (천호동. 대우 한강 베네시티),sap244
4991,세라의원,경기 성남시 분당구 분당로53번길 11 (서현동. 서원플라자),sap245
4992,블리비의원 마포,서울 마포구 양화로 161 (동교동. 케이스퀘어),sap246
4993,플래너 성형외과,서울 서초구 강남대로 439 (서초동. 유화빌딩),sap247
4995,온유가정의학과의원,강원특별자치도 원주시 지정면 신지정로 216 (가곡리),sap248
4996,제너리스의원 연신내점,서울 은평구 연서로 216 (대조동. 대조동아트캐슬주상복합),sap249
4997,미앤유의원,경기도 용인시 기흥구 죽전로 49. 씨티프라자 (보정동),sap250
4999,미케이의원,서울 서초구 서초대로77길 24 (서초동. 강남 지웰타워2),sap251
5000,더웨이성형외과의원,서울 강남구 테헤란로 107 (역삼동. 메디타워),sap252
5002,예쁨주의쁨의원,서울특별시 강남구 강남대로 470 (역삼동) 808타워,sap253
5003,밴스의원 과천점,경기 과천시 관문로 92 (중앙동. 힐스테이트 과천중앙),sap254
5004,드림성형외과,서울 강남구 신사동 603-2 드림성형외과 7층,sap255
5005,라디앙의원,경기 구리시 건원대로 3 (인창동. 흥화브라운오피스텔),sap256
5006,샤인빔의원,서울 마포구 양화로 151 (동교동),sap257
5008,미엘르의원,부산 부산진구 서면로 48 (부전동. 현경빌딩),sap258
5010,강남세란의원,서울 서초구 명달로 134 (서초동),sap259
5011,아르노피부과의원,서울 강남구 언주로 807 (신사동. 소촌빌딩),sap260
5012,샤렌의원,경기 평택시 관광특구로 36 (서정동. 송탄빌딩),sap261
5013,닥터스피부과의원,서울 은평구 통일로 750 (불광동),sap262
5015,다시봄날의원 분당점,경기 성남시 분당구 돌마로 87 (금곡동. 골드프라자),sap263
5016,서울 새로운 피부과,서울 양천구 오목로 279 (목동. 현대프라자),sap264
5017,제이필의원,서울 마포구 양화로 166 (동교동. 미래프라자),sap265
5018,고은가정의학과의원,서울 마포구 신공덕동 15-19,sap266
5019,톤즈의원,인천광역시 부평구 경원대로 1395 (부평동) 부평일번가,sap267
5020,데이뷰의원 강서발산점,서울 강서구 강서로 399 (마곡동. 마곡하이마루),sap268
5021,에이탑성형외과,서울특별시 강남구 테헤란로 105 (역삼동),sap269
5022,우리엘 의원,서울 강남구 영동대로 701 (청담동. W TOWER),sap270
5023,진이어스,인천광역시 서구 정서진4로 25 (오류동),sap271
5025,골든발란스여성의원,서울 강남구 역삼동 808-5,sap272
5027,뷰앤플의원,서울 강남구 신사동 659-11,sap273
5028,드레스성형외과,서울 서초구 강남대로 449 (서초동. 영신빌딩),sap274
5029,세이렌의원,서울 관악구 남부순환로 1812 (봉천동. 윤건빌딩),sap275
5030,온리프성형외과,서울 서초구 강남대로 399 (서초동. 몬테소리),sap276
5031,엘레브의원,서울 강남구 도산대로 333 (신사동. K+ 메디칼타워),sap277
5032,아름다운미탐의원,서울 중구 퇴계로 123 (충무로2가. 하이헤리엇),sap278
5033,명동예쁨주의쁨의원,서울 중구 명동8가길 11 (충무로2가. 이화빌딩(명동)),sap279
5034,코코의원,서울특별시 강동구 천호대로 1034 (성내동) 탑 메디칼센타,sap280
5036,바이미성형외과의원,서울특별시 서초구 강남대로 605 (잠원동) 세양21세기 휴먼TOWER,sap281
5037,뉴센스의원,서울 마포구 신촌로 170 (대흥동. 이대역푸르지오시티),sap282
5038,이미지업 의원,서울 서초구 나루터로 76 (잠원동. 이미지업빌딩),sap283
5039,오브의원,서울 서초구 서초대로77길 5 (서초동),sap284
5040,삼성비앤에스의원,서울 강남구 테헤란로 514 (대치동. 삼흥2빌딩),sap285
5041,다시봄날의원,경기 과천시 과천대로7길 33 (갈현동. 디 테크 타워 과천),sap286
5042,이지동안의원,서울 강남구 압구정로 168 (신사동),sap287
5043,미앤아이의원 방배점,서울 서초구 방배로 76 (방배동. 머리재빌딩),sap288
5044,닥터스피부과의원 인천검단점,인천 서구 이음대로 384 (원당동. 서영아너시티플러스),sap289
5045,밴스피부과,경기 화성시 동탄대로5길 15 (송동. 더샵 동탄센텀폴리스 1단지),sap290
5046,더나인의원,경기 파주시 미래로 377 (동패동),sap291
5047,사적인 아름다움 지유의원,경기 고양시 일산동구 정발산로 21 (장항동. 제이3타워),sap292
5048,레보필의원,대전 서구 대덕대로 189 (둔산동),sap293
5050,에이비성형외과,서울 서초구 서초대로77길 17 (서초동. BLOCK77),sap294
5051,밴스의원 화곡,서울 강서구 강서로 179 (화곡동),sap295
5052,오브디의원,경기 성남시 분당구 정자동 17-1,sap296
5053,잠실 디온의원,서울 송파구 올림픽로 96 (잠실동. 동신빌딩),sap297
5054,스케줄의원,서울특별시 강남구 도산대로49길 11 (IVY빌딩),sap298
5055,톤즈의원 안양범계점,경기도 안양시 동안구 시민대로 202 (호계동) ( 에메랄드빌딩 ),sap299
5056,더마티스트의원,인천 남동구 예술로 126 (구월동),sap300
5057,타토아의원 강남점,서울 강남구 강남대로 340 (역삼동. 경원빌딩),sap301
5059,해들인의원,서울 서대문구 신촌로 107 (창천동. 세인빌딩),sap302
5060,밴스의원,경기도 부천시 상동로 83 (그랜드프라자),sap303
5062,신통 정형외과 의원,경기 남양주시 다산중앙로145번길 15 (다산동. 신해센트럴타워Ⅱ),sap304
5063,메종드엠의원,서울 서초구 강남대로 433 (서초동),sap305
5065,리앤샤인의원,경기 평택시 용죽3로 18 (용이동),sap306
5066,닥터디자이너의원 안산,경기 안산시 단원구 고잔1길 33 (고잔동. 봉산빌딩),sap307
5067,맑고고운의원 인하대역점,인천 미추홀구 독배로 311 (용현동. 비젼프라자),sap308
5071,아이작성형외과의원,경기 성남시 수정구 위례광장로 300 (창곡동. 창곡동 509번지),sap309
5072,크리미의원,대전 유성구 대학로 9 (봉명동),sap310
5073,유앤영피부과,서울 중구 퇴계로 120 (남산동1가),sap311
5074,바로그의원 서면점,부산 부산진구 중앙대로691번길 9 (부전동),sap312
5076,밴스의원 명동,서울특별시 중구 남대문로 90 (남대문로2가) 명동N빌딩,sap313
5077,인천구월브이에스라인의원,인천 남동구 인하로489번길 10 (구월동. 시티프라자),sap314
5078,유픽의원,경기 성남시 수정구 위례광장로 104 (창곡동. 위례 한화 오벨리스크 센트럴스퀘어),sap315
5079,닥터스피부과의원,서울 마포구 마포대로 127 (공덕동. 풍림브이아이피텔),sap316
5080,밴스의원 춘천,강원 춘천시 중앙로 59 (중앙로2가),sap317
5082,미앤미의원,서울 서초구 강남대로 439 (서초동. 유화빌딩),sap318
5083,영종센트럴피부과,인천 중구 하늘중앙로 193 (중산동),sap319
5084,닥터소녀로의원,서울 강남구 논현로171길 4 (신사동),sap320
5085,닥터디자이너의원,대구 중구 동성로1길 15 (동성로3가),sap321
5087,닥터스피부과의원 서판교점,경기 성남시 분당구 운중로 237 (판교동),sap322
5089,팽팽의원,서울특별시 강남구 도산대로 121 (신사동) YK타워,sap323
5090,샤인빔의원 강서점,서울 강서구 공항대로 247 (마곡동. 퀸즈파크나인),sap324
5092,밴스의원,서울 서초구 강남대로 597 (잠원동. 진미선빌딩),sap325
5095,에버피부과,서울 강남구 압구정로 222 (신사동) ,sap326
5097,아이오르의원,경기 오산시 대원로 30 (원동),sap327
5099,닥터스피부과의원 과천점,경기 과천시 별양상가3로 14 (별양동. e편한세상 시티 과천),sap328
5102,닥터스피부과의원 위례점,경기 성남시 수정구 위례광장로 320 (창곡동. 아이에스센트럴타워),sap329
5103,밴스의원 홍대점,서울 마포구 양화로 148 (동교동. 탑라인타워),sap330
5104,시네마의원,서울 강남구 강남대로 528 (논현동),sap331
5105,체인지의원,서울 강남구 도산대로 318 (논현동. SB타워),sap332
5107,리디안의원,서울 강남구 논현로 836 (신사동),sap333
5108,스무살봄의원,경기 용인시 수지구 성복2로 92 (성복동),sap334
5109,비즈성형외과,서울 영등포구 영중로 60,sap335
5110,연세로의료의원,서울 종로구 삼봉로 57 (수송동. 호수빌딩),sap336
5111,다이아몬드의원,인천 부평구 경원대로 1395 (부평동. 부평일번가),sap337
5112,닥터스피부과,서울 강남구 도산대로 107 (신사동. BIO),sap338
5113,아름다운나라피부과,서울 중구 명동8나길 6 (충무로1가),sap339
5115,플로레스 피부과의원,서울 서초구 동작대로 118 (방배동. 방배동예다인프라자빌딩),sap340
5116,미의원,서울 서초구 서초대로77길 9 (서초동. 강남 누드죤빌딩),sap341
5118,유앤아이의원 김포점,경기 김포시 김포한강4로 525 (구래동),sap342
5120,노블린의원,경기 고양시 덕양구 지축로 56 (지축동. 성산타워),sap343
5121,제이웰의원,인천 연수구 컨벤시아대로230번길 42 (송도동. 송도아라플라자),sap344
5124,뉴스타의원,서울 서초구 강남대로69길 8 (서초동. 케이아이타워(K I타워)),sap345
5125,다이브의원,서울특별시 성북구 동소문로 98 (동소문동5가) 메디컬센터빌딩,sap346
5126,청담 데이원의원,서울 강남구 삼성로 651 (삼성동. 래미안 라클래시),sap347
5127,세니아클리닉,서울특별시 서초구 강남대로69길 8 (서초동) 케이아이타워(K I타워),sap348
5129,엘로디의원,경기 파주시 경의로 1204 (와동동),sap349
5132,연세플러스의원,서울 마포구 도화동 563,sap350
5133,다시봄날의원 강남점,서울 서초구 서초대로77길 24 (서초동. 강남 지웰타워2),sap351
5135,강남타임의원,서울 강남구 강남대로 476 (논현동. urbanhive),sap352
5136,오가나셀피부과 동대문점,서울 동대문구 답십리로 9 (전농동),sap353
5137,톡스앤필/인천구월점,인천 남동구 예술로 126 ,sap354
5138,청담이지성형외과,인천 남동구 인하로 497-5 (구월동. 푸른세상안과),sap355
5140,유앤아이의원 (광명),경기 광명시 양지로 21 (일직동),sap356
5141,파크뷰의원 잠실,서울 송파구 올림픽로 116 (잠실동. 메디씨티 빌딩),sap357
5142,뷰티앤디지털치과병원,경기 파주시 경의로1240번길 19 (와동동),sap358
5143,리델의원,서울특별시 강남구 선릉로 820 (청담동),sap359
5144,더조은서울내과,경기 안산시 상록구 예술광장로 35 (월피동. 에스엘타운),sap360
5145,분당프리미어의원,경기 성남시 분당구 백현로101번길 29 (수내동. C&C 빌딩),sap361
5147,르샤인 클리닉,서울 서초구 강남대로61길 17 (서초동. 밀라텔 쉐르빌),sap362
5150,루미나피부과의원,경기 용인시 수지구 성복2로 38 (성복동. 성복역 롯데캐슬 골드타운),sap363
5151,비스포크의원,서울 마포구 마포대로 109 (공덕동. 롯데캐슬프레지던트),sap364
5153,셀리앤 의원,서울 강남구 도산대로 228 (논현동. 연승빌딩),sap365
5154,닥터스피부과의원,서울 송파구 백제고분로 364 (석촌동. 대신빌딩),sap366
5156,뮤즈의원,경기 안산시 단원구 고잔로 108 (고잔동. 대동조이월드),sap367
5157,유앤아이의원 다산점,경기 남양주시 다산중앙로145번길 17 (다산동),sap368
5158,메이린의원,서울 강동구 천호대로 1005 (천호동. 현대백화점),sap369
5159,우아한피부과의원,경기 고양시 덕양구 동송로 61 (삼송동),sap370
5160,베이드의원,서울 강남구 논현로 839 (신사동),sap371
5163,리버스의원,서울 노원구 상계로 70 (상계동. 화랑빌딩),sap372
5164,미의원,인천 부평구 광장로 4 (부평동),sap373
5166,장곡맑은위내과의원,경기 시흥시 황고개로 528 (장곡동),sap374
5167,새론바디내과의원,서울 서초구 서초대로 270 (서초동. 서보빌딩),sap375
5169,헤이데이클리닉,서울 강남구 강남대로 374 (역삼동),sap376
5171,유스의원,서울 영등포구 의사당대로 108 (여의도동. 아일렉스),sap377
5172,강남엔비의원,서울 서초구 서초대로77길 17 (서초동. BLOCK77),sap378
5174,주식회사 아모레보미,경기도 고양시 덕양구 지축1로 41 (지축동) ( 대경스퀘어 ),sap379
5175,미애로여성의원,경기 부천시 경인로 238-7 (심곡본동),sap380
5176,세영산부인과,인천 미추홀구 낙섬서로 4 (용현동. 현대메디켈센타),sap381
5178,고정아의원,서울 강남구 도산대로 134 (논현동),sap382
5181,메이필의원,서울 서초구 강남대로 423 (서초동. 한승빌딩),sap383
5183,다시봄날의원,경기도 고양시 덕양구 지축1로 39 (지축동) ( 지축프라자 ),sap384
5184,신사에그의원,서울특별시 서초구 강남대로 613 (잠원동) 성락빌딩,sap385
5185,더라움의원,경기 안성시 중앙로 374 (서인동),sap386
5186,주식회사 글래시스킨,서울 강남구 도산대로81길 51 (청담동. 루미안빌),sap387
5188,다시봄날의원 가정청라점,인천 서구 염곡로464번길 7 (가정동),sap388
5189,여름의원,서울특별시 서초구 강남대로 407 (서초동),sap389
5190,뮤즈의원 노원,서울 노원구 노해로 447 (상계동. 태웅빌딩),sap390
5192,더이쁨풀의원,서울 강남구 역삼동 696-42,sap391
5193,더씨엘의원,서울특별시 강남구 압구정로 436 (청담동) 베띠앙뜨사옥,sap392
5194,다시봄날의원,경기 광주시 벼루개로 36 (태전동. 서원프라자3),sap393
5197,주식회사소화,서울 영등포구 버드나루로 69 (영등포동7가),sap394
5198,도움의원,서울 영등포구 양평로 20 (당산동6가),sap395
5201,보스피부과의원,서울 강남구 언주로 806 (신사동. 선도빌딩),sap396
5205,트로이성형외과의원,서울 양천구 목동로 203 (신정동),sap397
5207,삼성로하스의원,전북 전주시 완산구 홍산로 253 (효자동2가),sap398
5208,바이슈 의원,서울 강남구 봉은사로 109 (논현동. 싼타홍메디컬타워),sap399
5210,스킨다피부과의원 청담점,서울특별시 강남구 학동로 413 (청담동),sap400
5211,연세마이피부과의원,경기 남양주시 늘을2로 20 (호평동. CH리베로빌딩),sap401
5212,케이톡스의원,인천 부평구 경원대로 1404 (부평동. 그랑프리 빌딩),sap402
5213,닥터손유나의원,서울특별시 강남구 도산대로53길 6 (신사동),sap403
5215,메이린스테이션 주식회사,서울 성동구 상원12길 34 (성수동1가),sap404
5216,케이톡스의원,인천 부평구 경원대로 1404 (부평동. 그랑프리 빌딩),sap405
5217,리멤버피부과시흥점,경기 시흥시 은계번영길 9 (은행동. 골드웨이Ⅰ),sap406
5218,조은피부과의원,경기 과천시 별양상가3로 5 (별양동. 유니온빌딩),sap407
5220,샤인빔의원,경기 안양시 동안구 시민대로 202 (호계동. 에메랄드빌딩),sap408
5221,강변서울의원,전남 나주시 남평읍 강변2길 5-11 (동사리),sap409
5225,DA성형외과,서울 강남구 테헤란로 125 (역삼동. D.A디에이성형외과),sap410
5226,미올린의원,경기 오산시 내삼미로 83 (수청동. 센타프라자),sap411
5230,다시봄날의원 지축점,경기 고양시 덕양구 지축1로 39 (지축동),sap412
5231,예스피부과,인천 중구 영종대로 184 (운서동. 영종예스타워복합상영관),sap413
5232,페이지랩의원_강남,서울 서초구 강남대로 477 (반포동),sap414
5235,솔루션의원,서울특별시 강남구 도산대로45길 18-6 (신사동) 돌체비타빌딩,sap415
5236,메이린의원,서울 강남구 압구정로29길 21 (압구정동. 현대백화점 컬처파크),sap416
5237,유앤영피부과,서울 노원구 노해로 480 (상계동. 조광빌딩),sap417
5238,서정피부과,서울 서초구 서초중앙로 188 (서초동. 아크로비스타),sap418
5240,라베성형외과의원,인천 연수구 신송로 161 (송도동. 송도 하이츠),sap419
5242,소예피부과의원,경기 광명시 금하로 458 (소하동. 웅신아트),sap420
5243,썸블리 의원,인천 남동구 인하로507번길 18 (구월동),sap421
5247,레이크봄봄피부과의원,경기 화성시 동탄대로 181 (송동. 동탄린스트라우스더레이크),sap422
5248,골드제이의원,서울 강남구 테헤란로 337 (역삼동),sap423
5249,맑고고운의원 수원점,경기 수원시 장안구 대평로 80 (정자동),sap424
5250,판교연세피부과의원,경기 성남시 분당구 동판교로 59 (백현동. 자유퍼스트프라자1),sap425
5251,삼육서울병원,서울 동대문구 망우로 82 (휘경동. 삼육서울병원. 삼육보건대학교),sap426
5254,오월의아침피부과,경기 성남시 분당구 돌마로 46 (구미동),sap427
5257,유앤아이의원 건대점,서울 광진구 아차산로 219 (화양동. 삼영빌딩),sap428
5258,미드림의원,경기 안산시 단원구 광덕3로 167 (고잔동. 신영프라자),sap429
5259,"오늘,맑음의원",경기 성남시 분당구 서현로210번길 2 (서현동. 성지하이츠텔),sap430
5263,샤인빔의원,서울 강남구 테헤란로1길 10 (역삼동. 세경빌딩),sap431
5265,메이린의원,경기 성남시 분당구 백현동 541,sap432
5266,에이치봄의원,인천 미추홀구 독배로 309 (용현동. 노블레스타워),sap433
5267,박성주조에피부과,서울 강남구 남부순환로 2732 (도곡동),sap434
5268,다시봄날의원,서울특별시 서초구 강남대로 621 (잠원동) 잠원동 K-TOWER,sap435
5269,톡스앤필의원 제주점,제주특별자치도 제주시 노형로 378 (노형동),sap436
5270,더끌림산부인과,서울 중구 퇴계로 109 (충무로1가),sap437
5271,리엔뉴의원,서울 영등포구 의사당대로 127 (여의도동. 롯데캐슬엠파이어),sap438
5272,더피부과의원,경기 부천시 신흥로 226 (중동. 빈센트타워),sap439
5273,에이엘의원,서울특별시 강남구 도산대로 410,sap440
5274,페이지랩의원,인천 부평구 시장로 7 (부평동),sap441
5275,잇츠미의원,경기 화성시 동탄오산로 86-3 (오산동),sap442
5277,아리엘의원,인천 연수구 컨벤시아대로130번길 14 (송도동. 송도 메디컬타워),sap443
5278,레디피부과의원,서울 서초구 방배로 105 (방배동. 디엠타워 2관),sap444
5279,빛이난다의원,서울 중구 명동8길 8-9 (명동2가),sap445
5280,연의원,경기 안양시 동안구 평촌대로217번길 15 (호계동. 파크애비뉴엘),sap446
5281,리멤버피부과의원 평택고덕점,경기 평택시 고덕중앙로 200-4 (고덕동. 우성고덕타워),sap447
5282,위례포에버의원,서울특별시 강서구 강서로 395 (마곡동) ( 플레이스에이치 ),sap448
5283,톡스앤필의원 홍대신촌점,서울 마포구 양화로 141 (동교동. 롯데호텔 L7홍대),sap449
5284,강남역데이원의원,서울 서초구 강남대로 423 (서초동. 한승빌딩),sap450
5292,케이톡스의원 인천구월점,인천 남동구 인하로507번길 4 (구월동. 벽성빌딩),sap451
5294,닥터스피부과의원,서울 강동구 고덕로 266 (명일동. 고덕역 대명벨리온),sap452
5295,삼성더봄피부과의원,인천 남동구 서창남순환로 223 (서창동. 아페리온),sap453
5298,휴먼피부과의원,인천광역시 연수구 센트럴로 263 (송도국제업무단지 C8-2블럭 업무복합시설)업무동 5층 휴먼피부과,sap454
5299,서울美의원,서울 관악구 관악로 165 (봉천동. 홍빌딩),sap455
5300,메이비의원,서울 양천구 목동동로 233-1 (목동. 드림타워),sap456
5301,청담맑은피부과의원,경기 용인시 기흥구 삼성로 1 (농서동. 삼성전자(주)기흥캠퍼스),sap457
5303,김군홍의원,경기 평택시 안중읍 안중로 141 (안중리),sap458
5304,다산더맑은의원,경기 남양주시 다산중앙로 17 (다산동),sap459
5305,뮤즈의원,경기 안양시 동안구 평촌대로 217 (호계동. 한솔센트럴파크 I),sap460
5310,에르시아 의원,서울 강남구 언주로30길 56 (도곡동. 타워팰리스),sap461
5313,톡스앤필의원,인천 부평구 부평대로 21 (부평동. 금남빌딩),sap462
5314,CnB맑고고운본점의원,인천 미추홀구 미추홀대로 610 (주안동),sap463
5315,스페셜성형외과,경기 안양시 동안구 시민대로 260 (관양동. 안양금융센터 A.F.C),sap464
5316,다시봄날의원,경기 용인시 기흥구 흥덕2로105번길 5 (영덕동. 서서타워),sap465
5317,블리스의원,서울 강남구 봉은사로 116 (역삼동. 은성빌딩),sap466
5318,포에버의원 제주,제주특별자치도 제주시 삼무로 18 (연동. 제주연동 하우스디어반),sap467
5319,맑고고운의원 옥련송도역점,인천 연수구 독배로40번길 11 (옥련동. 효명프라자),sap468
5321,엔젤미의원,서울 강남구 논현로 868 (신사동. 구정빌딩),sap469
5322,휴앤미의원,서울특별시 양천구 오목로 231 (신정동),sap470
5323,범계예쁨주의쁨의원,경기 안양시 동안구 시민대로 206 (호계동),sap471
5324,맑을아의원,서울 노원구 노해로81길 5-6 (상계동. 노원스퀘어),sap472
5326,잇츠미성형외과의원,인천 연수구 하모니로 158 (송도동. 송도타임스페이스),sap473
5327,뮤즈의원,충남 천안시 서북구 불당21로 67-8 (불당동),sap474
5328,담의원,서울 강남구 삼성로126길 6 (삼성동),sap475
5329,뷰티앤영의원,서울 강남구 강남대로 626 (신사동. 엠아이타워빌딩),sap476
5332,리멤버피부과 별내,경기 남양주시 별내중앙로 10 (별내동. 별내역 아이파크 스위트),sap477
5333,메가비뇨의학과,인천 남동구 논고개로 114 (논현동. 에이스타워),sap478
5334,엘레멘트피부과의원,서울 강남구 도산대로 417 (청담동),sap479
5335,뷰티온의원(강서점),서울 강서구 마곡중앙6로 93 (마곡동. 열린프라자),sap480
5336,디아뜨의원,서울 강남구 강남대로 616 (신사동. 신사미타워),sap481
5338,닥터스키니,서울 강남구 강남대로 416 (역삼동. 창림빌딩),sap482
5339,샤론의원,인천 부평구 부평동 194-4,sap483
5341,미앤미의원,서울 관악구 남부순환로 1801 (봉천동),sap484
5343,서울진피부과,서울 노원구 동일로 1402 (상계동),sap485
5344,더바디쉼의원,서울 서초구 서초대로74길 45 (서초동. ENDEAVOR TOWER),sap486
5346,삼성서울 리프앤톡스의원,강원 원주시 혁신로 35 (반곡동),sap487
5347,소사벌 휴먼피부과,경기 평택시 비전5로 20-24 (비전동),sap488
5348,벨뷰의원,서울 서초구 서초대로77길 9 (서초동. 강남 누드죤빌딩),sap489
5349,피엘의원,서울 용산구 서빙고로 17 (한강로3가),sap490
5351,VS라인의원,서울특별시 강남구 압구정로30길 51 (신사동) I.S.A 빌딩,sap491
5352,하늘느낌피부과,서울 강남구 도산대로49길 13 (신사동. SMART EXCHANGE),sap492
5353,닥터지의원,경기 안양시 동안구 시민대로 311 (관양동. 금강스마트빌딩),sap493
5354,양주옥정리멤버피부과,경기 양주시 옥정동 963-3,sap494
5355,이지함 피부과의원,서울 영등포구 여의나루로 42 (여의도동. 여의도종합상가),sap495
5357,스키니크의원,서울 서초구 강남대로 439 (서초동. 유화빌딩),sap496
5364,오션의원,서울 서초구 강남대로 363 (서초동. 363강남타워),sap497
5370,휴먼피부과 평택점,경기 평택시 중앙2로 13 (평택동),sap498
5371,엘르성형외과,서울 강남구 논현로 841 (신사동. 제이비 미소빌딩),sap499
5372,대치수피부과,서울 강남구 남부순환로 2941 (대치동. 대치탑프라자),sap500
5373,미모던피부과의원,서울 강남구 광평로 280 (수서동. 로즈데일오피스텔),sap501
5374,링클성형외과의원,서울 서초구 강남대로69길 8 (서초동. 케이아이타워(K I타워)),sap502
5376,프레쉬이비인후과의원,서울 강남구 남부순환로 2615 (도곡동. 극동스타클래스),sap503
5379,잇츠미의원,경기 안산시 단원구 고잔1길 7 (고잔동. 석탑프라자),sap504
5380,이뽀라성형외과의원,경기 화성시 동탄순환대로 127-5 (산척동. 우성센트럴타워),sap505
5382,논현튠의원,서울 강남구 논현로 868 (신사동. 구정빌딩),sap506
5383,양재 유앤미의원,서울 강남구 개포로 205 (개포동. 양재빌딩),sap507
5384,로렐의원,서울특별시 강남구 선릉로152길 17 (청담동) ( 아시아청담부띠끄 ),sap508
5386,의료법인루가의료재단 나은병원,인천 서구 원적로 23 (가좌동. 나은병원),sap509
5387,그리다성형외과의원,서울 강남구 강남대로 408 (역삼동. YBM강남센터),sap510
5388,제이스타피부과,서울시 동작구 상도로 65(대방동),sap511
5389,리윤피부과의원,서울 송파구 양재대로 1164 (오금동. 홍일빌딩),sap512
5390,유앤아이의원(수원),경기 수원시 팔달구 효원로265번길 54 (인계동),sap513
5391,연세청아린의원,서울 서초구 서초중앙로24길 27 (서초동. G5센트럴프라자),sap514
5393,노블클래식의원,경기 군포시 산본로323번길 16-12 (산본동. 센타빌딩),sap515
5394,로사의원,서울 강남구 선릉로 427 (역삼동),sap516
5395,용인미하나의원,경기 용인시 처인구 금령로 86 (김량장동),sap517
5396,제이나피부과,서울특별시 강동구 양재대로 1629 (명일동),sap518
5397,그랜트피부과의원,서울 광진구 천호대로 549 (중곡동. 지타워),sap519
5398,우태하피부과의원 동대문점,서울 동대문구 왕산로 151 (제기동),sap520
5400,CNP 차앤박피부과,인천 남동구 예술로 138 (구월동. 이토타워),sap521
5401,나인9의원,서울 도봉구 도봉로 461 (쌍문동. 우림빌딩),sap522
5402,리즈온의원,경기 성남시 분당구 분당로53번길 11 (서현동. 서원플라자),sap523
5403,블랑쥬의원,서울특별시 서초구 강남대로69길 8 (서초동) 케이아이타워(K I타워),sap524
5406,청담리투의원,서울 강남구 도산대로 435 (청담동. 삼이빌딩),sap525
5408,리즈온의원 홍대점,서울 마포구 홍익로 25 (서교동),sap526
5409,와인피부과의원,제주특별자치도 제주시 1100로 3178 (노형동),sap527
5410,더히엘클리닉,경기 고양시 일산동구 위시티로 34 (식사동),sap528
5411,리즈온의원 천호점,서울 강동구 천호옛길 88 (성내동. G라이트빌딩),sap529
5413,에젤피부과의원,서울 강남구 가로수길 80 (신사동),sap530
5414,뷰티라운지의원,서울 송파구 올림픽로 289 (신천동. 잠실시그마타워),sap531
5416,비비라인플렉스의원,서울 강남구 테헤란로 101 (역삼동. 이즈타워),sap532
5418,보니따의원,서울 서초구 강남대로 565 (잠원동. 미래빌딩),sap533
5419,주식회사 에이티움,서울 서초구 주흥길 14 (반포동),sap534
5421,플랜피부과의원,경기 김포시 김포대로 709 (풍무동. 퍼스트블루),sap535
5422,우태하피부과의원,서울 송파구 올림픽로 212 (잠실동. 갤러리아팰리스),sap536
5425,더왈츠의원,서울 서초구 강남대로 415 (서초동. 대동빌딩),sap537
5429,비에프작은별피부과의원,서울 영등포구 국제금융로6길 26 (여의도동. 한국노총),sap538
5433,별고운빛의원,경기 남양주시 별내중앙로 26 (별내동),sap539
5434,WE클리닉,서울 영등포구 양평로 22 (당산동6가),sap540
5435,아이필유의원,서울 서초구 강남대로 437 (서초동. 대원빌딩),sap541
5436,닥터쁘띠의원 건대점,서울특별시 광진구 아차산로 213 (웅진빌딩) ,sap542
5437,닥터쁘띠의원,서울특별시 강남구 테헤란로4길 5 (역삼동) 해암빌딩,sap543
5440,엠공일의원,인천 부평구 경원대로 1395 (부평동. 부평일번가),sap544
5441,여의공감성형외과의원,서울 영등포구 여의나루로 81 (여의도동. 한마루빌딩),sap545
5442,라임의원,인천 서구 중봉대로 594 (청라동. 청라비전프라자),sap546
5445,닥터쁘띠의원,서울특별시 중구 퇴계로 145 (충무로2가) ( 세종호텔 ),sap547
5446,일산주엽톡스앤필의원,경기 고양시 일산서구 중앙로 1413 (주엽동. 동영빌딩),sap548
5447,미금동안마녀의원,경기 성남시 분당구 돌마로 75 (금곡동. 미금프라자),sap549
5449,닥터쁘띠의원,경기 고양시 일산동구 장항동 864,sap550
5450,엘리트성형외과의원,인천 남동구 인주대로 593 (구월동),sap551
5451,닥터쁘띠의원,서울 노원구 동일로 1396 (상계동. 중원빌딩),sap552
5452,닥터쁘띠의원,서울 마포구 양화로 151 (동교동),sap553
5454,라마르의원,서울 강동구 진황도로 99,sap554
5455,리팅의원 수원점,경기도 수원시 팔달구 중부대로 141 (우만동) 메타타워Ⅱ,sap555
5456,트리에피부과의원,서울 성동구 매봉길 48 (옥수동),sap556
5459,건대톡스앤필,서울특별시 강남구 논현로 807 (신사동),sap557
5461,타임리턴의원,서울 영등포구 여의나루로 71 (여의도동. 동화빌딩),sap558
5462,플레니어피부과의원,경기 화성시 동탄순환대로 400 (목동),sap559
5463,신사인피부과의원,서울 강남구 도산대로 107 (신사동. BIO),sap560
5464,슈링톡스의원,경기 화성시 동탄대로 537 (오산동),sap561
5465,바이오미의원,서울 강남구 선릉로 429 (역삼동. KR타워),sap562
5467,새봄피부과의원,경기 광주시 광주대로 35 (경안동),sap563
5468,라벨라의원,서울 서초구 강남대로 455 (서초동. 강남태영데시앙루브),sap564
5469,스텔라의원,서울 양천구 오목로 350 (목동. 썬택씨티빌딩),sap565
5470,리즈피부과의원,경기 성남시 분당구 성남대로331번길 3-3 (정자동. 젤존타워III),sap566
5473,청담바롬의원,서울 용산구 백범로 341 (원효로1가. 리첸시아 용산),sap567
5474,톡스앤필의원명동점,서울 중구 남대문로 84 (남대문로2가),sap568
5478,청아연의원,서울 강남구 강남대로 584 (논현동. 성일빌딩),sap569
5479,연세스타의원,경기 남양주시 별내5로 189-130 (별내동. 별내우미린스타포레),sap570
5480,오블리브의원 인천송도본점,인천 연수구 인천타워대로132번길 34 (송도동),sap571
5481,연세빛의원,경기 용인시 기흥구 보정로 32 (보정동. 지젤스포츠클럽),sap572
5483,청담헤아린의원,서울 강남구 도산대로 412 (청담동. 남강빌딩),sap573
5484,세라필의원,인천 연수구 해돋이로 165 (송도동. 차오름 프라자),sap574
5485,사적인아름다움지유의원,서울 서초구 서초대로77길 54 (서초동. 서초더블유타워),sap575
5486,압구정허피부과의원,서울특별시 강남구 언주로174길 26 (신사동) ( 남강빌딩 ),sap576
5487,오래올의원,서울 구로구 경인로 661 (신도림동. 신도림1차푸르지오),sap577
5488,포인트업의원,서울 강남구 논현로 837 (신사동. 원방빌딩),sap578
5489,호수의원,서울 용산구 독서당로 85 (한남동. 하나은행),sap579
5490,쥬넥스의원,서울 강남구 도산대로 435 (청담동. 삼이빌딩),sap580
5491,슈퍼스타 피부과,서울 구로구 디지털로32길 79 (구로동. 조영빌딩),sap581
5492,베스탑 비뇨기과의원,경기 화성시 동탄반석로 196 (반송동. 아이프라자),sap582
5493,디라운지피부과의원,서울 강남구 강남대로 626 (신사동. 엠아이타워빌딩),sap583
5496,맑은윤의원,경기 용인시 기흥구 구성로 103 (언남동. 멀티프라자),sap584
5497,노블클래식의원,경기 수원시 장안구 경수대로 920 (조원동. 1),sap585
5498,삼성웰의원,경기 부천시 역곡로 7 (역곡동. 스카이빌딩),sap586
5503,차앤박피부과의원,서울 강남구 강남대로 248 (도곡동. 목원빌딩),sap587
5505,하나여성의원,경기 안성시 안성맞춤대로 1043 (서인동),sap588
5506,청담공의원,서울 강남구 도산대로 419 (청담동),sap589
5507,창피부과,서울 강남구 테헤란로87길 51 (삼성동. 여송빌딩),sap590
5509,이주협피부과의원,서울특별시 양천구 신목로 102 (목동) 대경프라자,sap591
5510,더고운의원,제주특별자치도 제주시 중앙로 371 (이도이동),sap592
5512,로쉬여성의원,서울 은평구 가좌로 234 (응암동),sap593
5513,라르떼의원 (화곡),서울 강서구 강서로 161 (화곡동),sap594
5515,트렌드의원,경기 부천시 상동로 79 (상동. 부천상동수석프라자),sap595
5516,로젤의원,서울 노원구 동일로 1419 (상계동. 디와이홀딩스(주)빌딩),sap596
5517,유엘의원,경기 수원시 영통구 태장로 84 (망포동. 망포프라자),sap597
5518,뷰티엠의원,서울 광진구 아차산로 226 (자양동. 성용빌딩),sap598
5519,강북이지함피부과,서울 노원구 노해로 457 (상계동. 은성빌딩),sap599
5520,김송이의원,서울 송파구 올림픽로 100 (잠실동. 효창타워),sap600
5521,파크뷰의원,인천 서구 청라라임로 65 (청라동. 라임타워),sap601
5522,이천닥터스피부과,경기 이천시 이섭대천로 1203 (중리동. 하나빌딩),sap602
5523,유드림의원,서울 은평구 통일로 856 (불광동. 메트로타워),sap603
5524,뷰(Beau)의원,서울 강서구 공항대로 200 (마곡동. 마곡지웰타워),sap604
5525,권오정리얼뷰티,서울 강남구 선릉로86길 12 (대치동),sap605
5526,케이톡스 강서마곡점,서울 강서구 마곡중앙6로 93 (마곡동. 열린프라자),sap606
5527,서울스타 비뇨의학과의원,경기 안성시 공도읍 공도로 83 (만정리),sap607
5530,갤러리아피부과의원,서울 서초구 잠원로4길 33-2 (잠원동. 잠원동 스타빌딩),sap608
5532,강남비앤비의원,서울 강남구 강남대로 616 (신사동. 신사미타워),sap609
5533,myskin 피부과,서울 노원구 한글비석로 254 (중계동. 대명프라자),sap610
5534,라마르의원,서울 관악구 관악로 203 (봉천동),sap611
5537,비오페이스의원,서울 서초구 강남대로 605 (잠원동. 세양21세기 휴먼TOWER),sap612
5539,연세이브의원,경기 수원시 팔달구 효원로 288 (인계동. 대원콤비프라자),sap613
5540,광명미소가인피부과,경기 광명시 광명로 906 (광명동. 현대아이타워),sap614
5542,디의원,서울 강남구 청담동 100-17,sap615
5543,톡스앤필의원평택점,경기 평택시 평택동 298-1,sap616
5544,이가인의원,서울 마포구 월드컵로 75 (망원동. 비투어타이어빌딩),sap617
5548,고운몸의원,서울 서초구 강남대로 321 (서초동. 서초동대우디오빌프라임),sap618
5551,웰스킨의원,경기 성남시 수정구 위례광장로 104 (창곡동. 위례 한화 오벨리스크 센트럴스퀘어),sap619
5552,아이델성형외과의원,서울특별시 강남구 봉은사로 117 (논현동) 이건빌딩,sap620
5556,연세리앤피부과의원,서울 영등포구 영중로 18 (영등포동3가),sap621
5557,연세팜스의원,"서울특별시 은평구 통일로 767 (대조동, 베르디움STAY1)",sap622
5558,포커스성형외과의원,경기 부천시 길주로 284 (중동. 신중동역 헤리움 메트로타워),sap623
5559,제니스피부과의원,경기 용인시 기흥구 흥덕중앙로 59 (영덕동. 용인흥덕노블레스흥덕노블레스),sap624
5560,미앤클린의원,경기 평택시 비전5로 20-30 (비전동),sap625
5561,아름다운 의원,서울 광진구 화양동 5-1,sap626
5562,다시봄날의원,경기 오산시 수목원로 466 (금암동),sap627
5563,오늘안피부과의원,서울 강남구 도산대로49길 17 (신사동. 산딸기빌딩),sap628
5565,포에버성형외과피부과분당점,경기 성남시 분당구 서현로 192 (서현동. 야베스밸리),sap629
5566,오아로피부과,서울 용산구 한강대로 95 (한강로2가. 래미안용산 더 센트럴),sap630
5567,압구정예인피부과의원,서울 강남구 언주로 827 (신사동. 스페이스 씨),sap631
5570,해피닥터의원,경기 성남시 분당구 정자일로 227 (정자동. 백궁지엔느주차전용빌딩),sap632
5571,홍대디온의원,서울 마포구 양화로 156 (동교동. LG팰리스빌딩) ,sap633
5572,레아주서울피부과의원,서울 강남구 논현로 841 (신사동. 제이비 미소빌딩),sap634
5573,세림피부과의원,경기 성남시 중원구 산성대로 360 (중앙동. 지성빌딩),sap635
5577,봄눈피우다의원,서울 마포구 양화로 192 (동교동),sap636
5578,블리비의원 원주,강원 원주시 서원대로 396 (단구동. 스타월드),sap637
5580,엠레드 클리닉,서울특별시 강남구 학동로77길 34 (청담동) 갤러리더스페이스,sap638
5581,루비의원,서울 중구 명동길 65 (명동1가. 보림빌딩),sap639
5582,장미꽃과나이팅게일피부과,경기 수원시 팔달구 중부대로239번길 5 (우만동. 우만동R타워),sap640
5584,나를의원,서울 강남구 가로수길 18 (신사동),sap641
5585,세인트성형외과,인천 부평구 부평문화로 55 (부평동. 와이디타워),sap642
5587,연세늘봄피부과의원,서울 도봉구 도봉로 669 (방학동),sap643
5588,아우라의원,서울특별시 서초구 사평대로 205 (반포동) CENTRALCITY 반포천 복개주차장,sap644
5589,라르떼의원 서울대입구점,서울 관악구 남부순환로 1814 (봉천동. 대연빌딩),sap645
5590,디엠피부과,서울 강남구 압구정로 158 (신사동. 진우빌딩),sap646
5592,리더스피부과,경기 성남시 수정구 위례광장로 300 (창곡동. 위례중앙역 중앙타워),sap647
5593,원더스의원,강원 원주시 서원대로 164 (단계동),sap648
5596,미올린 의원,경기 수원시 팔달구 덕영대로 693 (화서동. 풍성프라자),sap649
5597,미사피부과의원,경기 하남시 미사강변대로 220 (망월동. 한강트윈프라자1),sap650
5598,파크뷰의원,경기 파주시 와석순환로 507 (와동동),sap651
5600,수앤미의원,서울 강서구 공항대로 49-2 (공항동. 공항신성빌딩),sap652
5601,윤스피부과의원,서울 송파구 동남로 141 (가락동. 옥산빌딩),sap653
5602,더클래식의원,서울 강남구 학동로 206 (논현동. 동화빌딩),sap654
5605,새하얀 피부과,경기 광명시 오리로 865 (철산동. 철산빌딩),sap655
5606,피어봄의원,서울 송파구 올림픽로 102 (잠실동. 서일빌딩),sap656
5608,연세애드미피부과의원,서울 도봉구 도봉로 496 (창동),sap657
5609,뉴젠의원,충청남도 천안시 서북구 성성8로 2-44 (성성동),sap658
5611,더플러스 성형외과,서울 강남구 가로수길 9 (신사동),sap659
5612,연세스타피부과,서울 서대문구 신촌로 73 (창천동. 거화빌딩),sap660
5613,시흥휴먼피부과의원,경기도 시흥시 비둘기공원6길 4 (대야동),sap661
5614,단아의원,서울 중구 명동7길 21 (을지로2가. 명동아르누보센텀),sap662
5615,뮤즈의원,인천 남동구 인하로 501 (구월동),sap663
5616,프리미엘의원,서울 종로구 새문안로3길 15 (당주동. 동원빌딩),sap664
5621,미밸런스의원,경기 고양시 덕양구 권율대로 685 (원흥동),sap665
5622,꿀의원,제주특별자치도 제주시 동화로 28 (화북일동),sap666
5623,문비뇨기과의원,경기 남양주시 금곡로 72 (금곡동. 센타프라자),sap667
5624,노블클래식의원 광명점,경기 광명시 금하로 464 (소하동),sap668
5625,블리비의원 목동,서울 양천구 오목로 340 (목동. 협성빌딩),sap669
5630,처음처럼내과의원,경기 수원시 영통구 센트럴타운로 85 (이의동. 광교C1 호반베르디움. Summit Place광교),sap670
5631,케이트의원,서울 마포구 양화로 148 (동교동. 스칼렛빌딩),sap671
5633,유앤아이의원 판교점,경기 성남시 분당구 판교로 375 (삼평동. 에메트타운),sap672
5634,미애로여성의원,서울 중랑구 신내로 72 (신내동. 원빌딩),sap673
5636,클린업피부과 일산점,경기 고양시 일산서구 중앙로 1420 (주엽동. 진영빌딩),sap674
5637,서울에스클리닉,서울 서초구 서초대로 307 (서초동. 장안빌딩),sap675
5639,리멤버피부과의원 동탄점,경기 화성시 동탄순환대로 127-9 (산척동),sap676
5641,라르떼의원 (선릉점),서울 강남구 테헤란로 401 (삼성동. 남경센타),sap677
5642,샤인빔의원 수원점,경기 수원시 팔달구 효원로265번길 28 (인계동),sap678
5643,서울화외과,경기 의정부시 천보로 56 (민락동),sap679
5644,라르떼의원 수유점,서울 강북구 도봉로 320 (번동. 제이제이타워),sap680
5645,뽀드베베의원,서울 강남구 논현동 17-4,sap681
5648,큐비스의원,서울특별시 서초구 서초대로77길 24 (서초동) ( 강남 지웰타워2 ),sap682
5650,서희원의원,서울특별시 강남구 도산대로57길 20 (청담동) 오페라하우스,sap683
5652,메이저피부과의원(성신여대점),서울 성북구 동소문로 89 (동소문동6가),sap684
5654,네오의원,서울 금천구 시흥대로 403 (독산동. 셈프레팜),sap685
5655,월드베스트의원,경기 김포시 장기동 1604,sap686
5657,클린업피부과 노원점,서울 노원구 노해로 451 (상계동. 청산빌딩),sap687
5659,리노보의원,서울특별시 강남구 논현로 841 (신사동) ( 제이비 미소 빌딩 ),sap688
5661,프라임의원,경기 화성시 동탄반석로 144 (반송동. 동탄 스카이뷰 빌딩),sap689
5663,본피부과의원,서울 양천구 목동동로 293 (목동. 현대41타워),sap690
5666,김연진의 퓨린피부과,서울 서초구 잠원로 24 (반포동. 반포자이플라자),sap691
5667,젤피부과,서울 강남구 도산대로 452 (청담동. JS빌딩),sap692
5668,은평우태하피부과의원,서울 은평구 연서로 246 (불광동. 타워크리닉),sap693
5669,연세노바피부과,경기 용인시 처인구 금령로 108-1 (김량장동),sap694
5670,메종프리베 의원,서울특별시 강남구 논현로158길 8 (신사동),sap695
5673,에스앤유피부과,서울 마포구 백범로 178 (공덕동. 마포신영지웰),sap696
5674,닥터미성형외과, 서울 서초구 강남대로 415 (서초동. 대동빌딩) 13층 닥터미성형외과,sap697
5678,엘스타의원,서울특별시 강남구 강남대로 250. 3층(도곡동. 심현빌딩),sap698
5680,에스와이바른피부과,경기 수원시 팔달구 권광로 195 (인계동. 학산빌딩),sap699
5682,이즈의원,서울 강남구 테헤란로 121 (역삼동. 원빌딩),sap700
5684,오체안피부과 수원점,경기 수원시 영통구 영통로214번길 8 (영통동),sap701
5685,루시드의원,경기도 성남시 분당구 돌마로 47 (금곡동) 이코노샤르망,sap702
5686,예피부과의원,경기 고양시 덕양구 화정로 47 (화정동. 동원텔),sap703
5687,임이석테마피부과의원,서울 서초구 나루터로 78 (잠원동. 임이석 테마피부과),sap704
5689,청담맑은피부과,경기 화성시 반송동 88-1,sap705
5690,미소앤유의원,서울특별시 동작구 사당로 230-1 (사당동),sap706
5692,포에버의원 시흥,경기 시흥시 배곧3로 86 (정왕동. 센터프라자2),sap707
5694,미애로여성의원,경기 고양시 덕양구 중앙로 560 (행신동. 화성골드프라자),sap708
5697,리원피부과,서울 강남구 도산대로 327 (신사동),sap709
5698,베스트비뇨기과의원,강원 속초시 교동 668-8,sap710
5699,루미의원,서울 송파구 백제고분로 204 (삼전동. 에스엔씨빌딩),sap711
5700,서울피부과,강원 강릉시 경강로 2097 (임당동),sap712
5701,유앤아이의원 신촌점,서울 서대문구 신촌로 99 (창천동. 엘리트빌딩),sap713
5702,봄여름가을겨울피부과,서울 영등포구 영중로 15 (영등포동4가. 타임스퀘어),sap714
5703,쁘띠케이의원,서울 강서구 강서로 259 (내발산동. 우장산역엠버리움빌딩),sap715
5704,삼성프렌드의원,서울 성북구 보문로 93 (보문동5가),sap716
5706,강남브이에스라인의원,서울 강남구 테헤란로 107 (역삼동. 메디타워),sap717
5707,리드엠의원,경기 평택시 평택로32번길 2 (평택동),sap718
5708,원진성형외과,서울 서초구 강남대로 419 (서초동. 파고다타워),sap719
5709,예쁜얼굴의원,서울 강남구 강남대로 562 (논현동. KM강남빌딩),sap720
5710,닥터베이직의원,서울특별시 강남구 강남대로 478 (논현동) 제우빌딩,sap721
5711,잠실미의원,서울 송파구 잠실동 184,sap722
5712,미소가인피부과(김포점),경기 김포시 사우중로 51 (사우동. 메가라인),sap723
5713,유앤미피부과의원,경기 수원시 영통구 봉영로 1587 (영통동. 다모아프라자),sap724
5715,강남우태하피부과,서울 강남구 강남대로 370 (역삼동),sap725
5716,목동동안의원,서울 양천구 목동로 201 (신정동),sap726
5717,강남뷰베스트의원,경기 평택시 중앙2로 25 (평택동),sap727
5718,새봄가정의원,인천 연수구 새말로 32 (연수동),sap728
5726,리멤버피부과 김포점,경기 김포시 구래동 6880-2,sap729
5728,오라쁘띠의원,서울특별시 성북구 아리랑로 18 (동선동5가),sap730
5729,닥터봄의원,서울 서초구 강남대로65길 1 (서초동. 효봉빌딩),sap731
5730,강남톡스앤필,서울특별시 서초구 강남대로 415 (서초동) 대동빌딩,sap732
5731,노블클래식의원,경기 화성시 영통로26번길 15 (반월동. 명성프라자),sap733
5734,수앤은의원,서울 송파구 올림픽로 98 (잠실동. 성진빌딩),sap734
5735,위드피부과의원,서울 강동구 암사3동 414-18,sap735
5737,CNP차앤박피부과,서울특별시 중구 명동8길 17 (명동2가),sap736
5738,노바피부과의원,서울 송파구 오금로 507 (거여동. 거여빌딩),sap737
5739,메디원의원,경기 성남시 수정구 산성대로 213 (신흥동. 웅지빌딩),sap738
5740,미앤미의원,서울특별시 영등포구 경인로 841 (영등포동4가) 서울영등포동4가우체국,sap739
5742,구로우태하피부과의원,서울 구로구 남부순환로97길 3 (개봉동. KS프리미어빌딩),sap740
5745,루미에의원,서울 강남구 강남대로 446 (역삼동. 한웰빌딩),sap741
5746,foreverisu,서울 서초구 동작대로 132 (방배동. 안석빌딩),sap742
5749,아이디병원,서울 강남구 도산대로 142 (논현동. 아이디병원),sap743
5750,유안정형외과,서울 서초구 반포대로 287 (반포동. 래미안퍼스티지 중심상가),sap744
5751,미가피부과의원,경기 용인시 기흥구 보정동 1263,sap745
5753,김혜림,서울 서초구 강남대로 423 (서초동. 한승빌딩) 3층 강남블리비의원,dddd
5754,리멤버피부과의원,경기 의정부시 오목로225번길 162 (민락동),sap747
5757,미모피부과의원,제주특별자치도 제주시 1100로 3347 (노형동),sap748
5758,셀라성형외과의원,서울 강남구 강남대로 546 (논현동. 삼양빌딩),sap749
5760,리라피부과,서울 강남구 선릉로 806 (청담동),sap750
5762,프리미엘의원,서울 마포구 월드컵북로54길 25 (상암동. 상암DMC푸르지오시티. S-City),sap751
5763,메이린,경기 고양시 일산서구 호수로 817 (대화동),sap752
5767,미클리닉 구월점,인천 남동구 인하로489번길 16 (구월동. 세동네오스),sap753
5768,고운세상피부과의원,경기 고양시 일산동구 정발산로 47 (장항동. 웅신아트),sap754
5769,미앤미의원,서울 노원구 동일로 1401 (상계동. 상아빌딩),sap755
5773,삼성플러스의원,경기 성남시 수정구 태평동 3499,sap756
5774,시온뷰티의원,서울 송파구 마천로 311 (마천동. 윤호약국),sap757
5776,샤인유,서울 광진구 아차산로 205 (화양동),sap758
5780,샤인유의원,경기 수원시 팔달구 권광로 199 (인계동. 세영빌딩),sap759
5781,노바에스피부과,서울 강남구 강남대로 402 (역삼동. 시계탑빌딩),sap760
5782,블리비의원 의정부점,경기 의정부시 시민로 83 (의정부동. 광장타워),sap761
5783,더드림의원,경기 고양시 일산동구 정발산로 33 (장항동. 낙원프라자),sap762
5786,라마르의원,경기 안양시 동안구 시민대로 161 (비산동. 안양무역센터),sap763
5787,엠에이치의원,서울 강남구 압구정로 445 (청담동. 롤스로이스 오토스),sap764
5791,유앤아이의원 강남점,서울 강남구 강남대로 470 (역삼동. 808타워),sap765
5792,메이드유의원,인천 부평구 경원대로 1412 (부평동),sap766
5793,라미에르의원,서울 종로구 종로 19 (종로1가. 르메이에르종로타운1),sap767
5797,노블클래식의원 당산점,서울 영등포구 양평로 53 (당산동5가),sap768
5798,더샤인클리닉피부과,경기 남양주시 화도읍 비룡로 58 (마석우리. 정길프라자),sap769
5799,기분좋은피부과,서울 강남구 도산대로 211 (신사동. 동현빌딩),sap770
5800,허스킨의원,서울 서초구 방배로 177 (방배동. 레마빌딩),sap771
5801,PHD 피부과 의원,서울 강남구 논현로 842 (신사동. 압구정빌딩),sap772
5803,리앤영의원,서울 서초구 강남대로 415 (서초동. 대동빌딩),sap773
5806,송파미소피부과,서울 송파구 가락로 211 (송파동. 충북빌딩),sap774
5808,엔비유의원,서울 강남구 압구정로46길 5-2 (신사동. 원일),sap775
5809,오네스타의원,인천 연수구 송도국제대로 157 (송도동. 오네스타),sap776
5811,샤인유의원 분당점,경기 성남시 분당구 황새울로312번길 5 (서현동. 세광빌딩),sap777
5812,자이안피부과의원,서울 중랑구 동일로 932 (묵동. 묵동자이아파트),sap778
5814,스킨영의원,경기도 성남시 분당구 백현로101번길 17,sap779
5817,예정홀릭성형외과,서울 강남구 역삼동 820-11,sap780
5818,더힐즈의원,서울 은평구 진관2로 19 (진관동. 휴먼프라자 I) 5층,sap781
5820,더맑은의원,서울특별시 구로구 경인로63길 11 (신도림동) 신도림 크라운빌2 오피스텔,sap782
5821,연세마이미의원,인천 연수구 송도동 20-14,sap783
5822,본태의원,서울 광진구 능동로 18 (자양동. 이튼타워리버3차),sap784
5824,위드윈피부과의원,서울 강남구 압구정로30길 51 (신사동. I.S.A 빌딩),sap785
5825,연세우리피부과의원,서울 은평구 통일로 626 (녹번동. 유림빌딩),sap786
5829,예스가정의학과,인천 부평구 부흥로 247 (부평동),sap787
5830,닥터홈즈의원,서울특별시 강남구 강남대로152길 45 (신사동) 우림빌딩,sap788
5831,오라클피부과,인천 남동구 예술로 126 (구월동),sap789
5832,베스트ck의원,서울 노원구 동일로 1401 (상계동. 상아빌딩),sap790
5833,서울림피부과,경기 남양주시 와부읍 덕소로97번길 9 (덕소리. 일신프라자),sap791
5834,드림피부과,서울 강남구 압구정로 152 (신사동),sap792
5835,유앤아이 서초점,서울 서초구 방배천로2길 10 (방배동),TEST123
5836,아름다운피부과의원,제주특별자치도 제주시 도령로 5 (노형동. 명은빌딩),sap794
5839,옐로우의원,경기 고양시 일산동구 정발산로 43-20 (장항동. 센트럴프라자),sap795
5841,양재차앤박피부과의원,서울 강남구 강남대로 240 (도곡동. 양재SK허브프리모),sap796
5842,제오피부과의원,서울 관악구 남부순환로 1832 (봉천동. 오선빌딩),sap797
5845,수유우태하피부과,서울 강북구 도봉로 329 (수유동),sap798
5846,미클리닉,서울 강남구 강남대로 376 (역삼동),sap799
5847,포에버의원(일산점),경기 고양시 일산동구 정발산로 38 (장항동. 장항동이스턴시티),sap800
5848,서아송피부과,서울 송파구 올림픽로 106 (잠실동. 상록빌딩),sap801
5849,예지원피부과,서울 서초구 반포대로 287 (반포동. 래미안퍼스티지 중심상가),sap802
5850,세가지소원 홍대점,서울 마포구 양화로 165 (동교동. 상진빌딩),sap803
5854,아비쥬의원(일산),경기 고양시 일산동구 중앙로1275번길 64 (장항동. 홈플러스 일산점),sap804
5855,아비쥬의원(명동),서울 중구 남대문로 78 (명동1가. 타임워크명동빌딩),sap805
5856,아비쥬의원(강남),서울특별시 서초구 서초대로73길 11 (서초동),sap806
5859,포에버의원 마포점,서울 마포구 마포대로 92 (도화동. 효성해링턴 스퀘어),sap807
5860,닥터한코스메딕의원,경기 평택시 팽성읍 신흥북로29번길 40-22 (안정리),sap808
5861,바라봄의원,부산 수영구 과정로 63  2층,sap809
5863,첨단밝은얼굴피부과,광주 광산구 임방울대로 805 (쌍암동),sap810
5865,밀크피부과의원,울산 남구 삼산로 270 (삼산동. 삼산동 Kim's빌딩),sap811
5866,블리비의원 건대점,서울특별시 광진구 아차산로 237(화양동),sap812
5868,브라운성형외과의원,서울 서초구 강남대로 475 (반포동),sap813
5869,엣지 성형외과,대구 중구 동성로1길 28 (봉산동),sap814
5870,동안미소의원,충남 천안시 서북구 성성9로 7 (성성동. 하나타워),sap815
5871,가나다라마바사병원,서울특별시 금천구 가마산로 96 (가산동) 대륭테크노타운8차,sap816
5872,DX테스트병원1,전라남도 무안군 청계면 영산로 1494 ( 제이앤아이시스템 ),sap817
5873,DX병원5,울산광역시 북구 농공단지4길 20 (달천동) ( (주)SJ시스텍 ),sap818
5874,닥터스피부과의원,광주광역시 서구 죽봉대로 86 (농성동) ( 대인빌딩 ),sap819
5878,제이시스메디칼테스트,서울특별시 강남구 학동로77길 34 (청담동) ( 갤러리더스페이스 ),sap820
5882,고운빔의원,울산광역시 북구 매곡로 115 (매곡동) ( 신협빌딩 ),sap821
5883,피네의원,서울특별시 서초구 강남대로 621 (잠원동) ( 잠원동 K-TOWER ),sap822
5884,블리비의원(춘천점),강원특별자치도 춘천시 방송길 106 (온의동),sap823
5885,윤슬피부과의원,경기도 수원시 권선구 금곡로 204 (금곡동) ( 세종타운721 ),sap824
5886,더미라클의원,전라남도 순천시 이수로 315 (조례동),sap825
5890,당신의봄의원,광주광역시 서구 운천로 213 (치평동),sap826
5891,백비뇨기과,대구광역시 달성군 다사읍 달구벌대로 877 ( MB PLAZA ),sap827
5892,광주미하이의원,광주광역시 서구 죽봉대로 80 (농성동),sap828
5895,백합연합의원,경상북도 안동시 경북대로 418 (옥동) ( 테마프라자 ),sap829
5896,다미의원,서울특별시 영등포구 여의대방로 375 (여의도동) ( 아일렉스타워 ),sap830
5898,블리비의원 청주점,충청북도 청주시 흥덕구 풍산로 15 (가경동) ( 대우 메가폴리스 ),sap831
5899,블랑쥬의원 대구점,대구광역시 중구 동성로6길 61 (공평동),sap832
5901,천안수피부과,충청남도 천안시 서북구 동서대로 125-3 (성정동) ( 하나은행 ),sap833
5902,티업의원,서울특별시 강남구 선릉로 433 (역삼동) ( 세방빌딩 ),sap834
5903,베러미의원,대구광역시 중구 동성로 17 (동성로2가) ( 대암빌딩 ),sap835
5904,아비쥬의원(분당점),경기도 성남시 분당구 분당로53번길 10 (서현동) ( 동호플라자 ),sap836
5905,아비쥬의원 대전점,대전광역시 서구 대덕대로 219 (둔산동),sap837
5906,진피부과의원,경상북도 경산시 펜타힐즈2로 37 (중산동),sap838
5907,차이의원,"서울특별시 마포구 월드컵로3길 14 (합정동, 마포 한강 2차 푸르지오)",sap839
5908,에스티피부과,대전광역시 서구 계룡로 586 (괴정동),sap840
5910,미모의원,광주광역시 북구 동문대로 96 (두암동),sap841
5913,밴스의원대전,대전광역시 서구 대덕대로220번길 17 (둔산동),sap842
5914,미라클의원,광주광역시 서구 운천로 213 (치평동),sap843
5915,스노우의원 인천검단,인천광역시 서구 이음5로 36 (원당동),sap844
5918,고운미피부과,대구광역시 중구 달구벌대로 2127 (봉산동) ( S타워 ),sap845
5919,참고운피부과,대구광역시 동구 신암남로 183 (신암동),sap846
5920,베네핏의원,경기도 성남시 분당구 성남대로 151 (구미동) ( 분당엠코헤리츠 ),sap847
5922,한마음의원,경상북도 구미시 선기로1길 15 (남통동),sap848
5923,플랜유의원,"인천광역시 연수구 해돋이로 160-15 (송도동, 더퍼스트시티송도)",sap849
5924,셀린의원 홍대점,서울특별시 마포구 양화로 140 (동교동),sap850
5925,유앤아이의원 목포,전라남도 무안군 삼향읍 남악3로 80 ( 제일프라자 ),sap851
5926,아트너의원,대구광역시 중구 달구벌대로 2094 (남산동),sap852
5927,정 피부과 의원,울산광역시 남구 삼산로 272 (삼산동),sap853
5928,르미에르의원,충청북도 충주시 신립로 74 (칠금동),sap854
5929,블리비의원 포항점,경상북도 포항시 남구 중흥로 88 (상도동),sap855
5931,양재유앤미의원,서울특별시 강남구 개포로 205 (개포동) ( 양재빌딩 ),sap856
5932,오아로피부과의원 청량리,서울특별시 동대문구 왕산로 200 (전농동),sap857
5933,더리즈의원,전북특별자치도 전주시 완산구 홍산로 246 (효자동2가),sap858
5934,라마르프리미어의원,대구광역시 중구 달구벌대로 2077 (계산동2가) ( 현대백화점 ),sap859
5935,뷰티온의원 안산중앙점,경기도 안산시 단원구 고잔로 108 (고잔동) ( 대동조이월드 ),sap860
5936,더동안의원,대구광역시 달서구 달구벌대로 1545 (죽전동) ( 골든뷰 메디타워 ),sap861
5937,삼성밴스의원,서울특별시 강남구 테헤란로 511 (삼성동) ( PARK TEN 삼성 ),sap862
5938,JY피부과,경기도 수원시 장안구 경수대로 940 (조원동) ( 일호골든타워 ),sap863
5941,나온의원,전라남도 여수시 망마로 31 (학동) ( 낙원빌딩 ),sap864
5943,만촌 더설레임피부과의원,대구광역시 수성구 달구벌대로 2598 (만촌동),sap865
5945,톡스앤필의원불당점,충청남도 천안시 서북구 불당25로 176 (불당동),sap866
5946,뷰센스의원,부산광역시 해운대구 세실로 43 (좌동) ( 경동코아 ),sap867
5947,디움의원,부산광역시 동래구 반송로 353 (명장동),sap868
5948,데이뷰의원 광주상무점,광주광역시 서구 상무중앙로 22 (치평동),sap869
5949,위시티아름다운의원,경기도 고양시 일산동구 위시티2로11번길 31 (식사동) ( 스타타워 ),sap870
5950,리즈온위드연세슬림라인의원,"서울특별시 강남구 언주로30길 57 (도곡동, 타워팰리스)",sap871
5952,오라클피부과의원,충청북도 청주시 상당구 사직대로 370 (북문로1가),sap872
5953,삼성미의원,세종특별자치시 도움1로 108 (종촌동) ( 몰리브(Mallive) ),sap873
5954,에이스의원,전라남도 여수시 시청로 23 (학동) ( 동양빌라 ),sap874
5956,신촌오라클피부과,서울특별시 서대문구 신촌로 79 (창천동) ( 성광빌딩 ),sap875
5957,다혜의원,전라남도 무안군 해제면 현해로 1685-1 ( 다혜의원 ),sap876
5958,클렌피부과의원,인천광역시 연수구 컨벤시아대로230번길 54 (송도동),sap877
5959,프라이브성형외과의원,대구광역시 수성구 범어천로 3 (황금동),sap878
5960,그랜드피부과의원,서울특별시 송파구 오금로 506 (거여동),sap879
5961,더삼점영피부과,서울특별시 강남구 압구정로28길 48 (신사동),sap880
5962,아로하피부과의원,"서울특별시 마포구 신촌로 262 (아현동, 아르띠타워)",sap881
5963,닥터필의원,대구광역시 수성구 달구벌대로 3181 (매호동),sap882
5964,더퍼스트의원,대구광역시 중구 동성로3길 106 (공평동),sap883
5965,청담필즈성형외과,대구광역시 중구 달구벌대로 2076 (남산동),sap884
5966,전주봄피부과의원,전북특별자치도 전주시 덕진구 송천중앙로 207 (송천동1가),sap885
5968,온리빛의원,대구광역시 중구 달구벌대로 2005 (동산동),sap886
5969,진피부과의원,"대구광역시 달서구 진천로 77 (진천동, 진천역 계룡 리슈빌)",sap887
5970,밝은얼굴피부과의원,광주광역시 광산구 임방울대로 355 (수완동),sap888
5971,영광의원,대구광역시 중구 국채보상로93길 5 (대신동),sap889
5972,유앤아이의원 창원점,경상남도 창원시 성산구 중앙대로 110 (상남동) ( 센텀빌딩 ),sap890
5973,제이필의원,서울특별시 마포구 양화로 166 (동교동) ( 미래프라자 ),sap891
5974,야탑밴스의원,경기도 성남시 분당구 야탑로81번길 10 (야탑동) ( 분당아미고타워 ),sap892
5975,뷰티라운지의원,서울특별시 마포구 홍익로6길 15 (동교동) ( 삼주빌딩 ),sap893
5976,피그마리온의원,서울특별시 강남구 삼성로 766 (청담동) ( 유림빌딩 ),sap894
5977,브이성형외과의원,대구광역시 중구 공평로10길 18 (삼덕동2가),sap895
5978,메이린의원 성수,서울특별시 성동구 아차산로 74 (성수동2가) ( SHENB 타워 ),sap896
5979,북항에이스비뇨기과의원,전라남도 목포시 청호로 176 (산정동) ( 쥬빌리 메디칼센터 ),sap897
5980,클린업피부과 청라,인천광역시 서구 중봉대로 610 (청라동) ( 마루힐프라자 ),sap898
5981,리노보의원,부산광역시 부산진구 서면로 25 (부전동) ( 삼한개발주식회사 ),sap899
5982,채움의원,경상북도 포항시 북구 해동로 303 (동빈1가) ( 채움병원 ),sap900
5983,제이에이치고은미의원,대구광역시 동구 팔공로 259 (봉무동) ( 프라임빌딩 ),sap901
5984,미쁨의원,대구광역시 달서구 조암로 32 (월성동) ( 신월성미소지움 ),sap902
5986,새로고침의원,부산광역시 중구 광복로 73 (광복동2가) ( 비비안 광복점 ),sap903
5988,미소의원,부산광역시 부산진구 연수로 4 (양정동),sap904
5989,늘샤인의원,경기도 성남시 분당구 성남대로916번길 11 (야탑동) ( 글라스타워 ),sap905
5990,더초이스피부과의원,"서울특별시 노원구 공릉로59길 28 (하계동, 미성아파트)",sap906
5991,스노우의원 전주점,전북특별자치도 전주시 완산구 홍산로 254 (효자동3가),sap907
5992,인제상쾌한이비인후과,제주특별자치도 제주시 동광로 86 (이도이동),sap908
5994,연세사랑모아여성병원,서울특별시 구로구 중앙로 100 (고척동) ( 연세사랑모아여성병원 ),sap909
5995,CL미의원,전라남도 나주시 빛가람로 685 (빛가람동),sap910
5996,광제산부인과의원,충청남도 천안시 서북구 서부18길 23 (성정동) ( 광제산부인과의원 ),sap911
5998,닥터쁘띠의원 마곡점,서울특별시 강서구 공항대로 200 (마곡동) ( 마곡지웰타워 ),sap912
5999,소수의원,서울특별시 성동구 상원1길 5 (성수동1가),sap913
6000,메디아트의원,대구광역시 중구 달구벌대로 2199 (삼덕동2가) ( 세기헬스마트 ),sap914
6001,대치 뷰티라운지의원,서울특별시 강남구 도곡로 331 (역삼동),sap915
6002,스노우의원 울산,울산광역시 남구 삼산로 274 (삼산동),sap916
6003,세종 스노우의원,세종특별자치시 나성북로 30 (나성동) ( 퍼스트원 ),sap917
6006,바로그의원 유성점,대전광역시 유성구 온천로 33 (봉명동) ( 유성온천대온탕 ),sap918
6007,닥터에버스의원,서울특별시 강남구 선릉로 830 (청담동) ( 공신진흥빌딩 ),sap919
6008,밴스의원 구로,서울특별시 구로구 디지털로32나길 38 (구로동) ( 서림빌딩 ),sap920
6009,바로그의원하단점,부산광역시 사하구 낙동남로 1412 (하단동) ( 경부빌딩 ),sap921
6010,디데이의원(남포점),부산광역시 중구 구덕로34번길 4 (남포동2가) ( 쏠레마빌딩 ),sap922
6011,제이린의원남포점,부산광역시 중구 구덕로 5 (남포동1가),sap923
6012,도마더블유피부과,대전광역시 서구 도산로 51 (도마동),sap924
6013,밴스의원충주,경상남도 진주시 순환로 539 (평거동),sap925
6014,블리비의원 부천점,경기도 부천시 원미구 상동로 90 (상동) ( 메가플러스 ),sap926
6015,메이린의원 잠실롯데호텔,서울특별시 송파구 올림픽로 240 (잠실동) ( 롯데월드 ),sap927
6016,스노우의원 원주점,강원특별자치도 원주시 능라동길 61 (무실동),sap928
6017,미의원,대전광역시 서구 둔산로 34 (둔산동) ( 씨엔씨타워 ),sap929
6018,아비쥬의원 여의도점,서울특별시 영등포구 국제금융로8길 27-8 (여의도동) ( 엔에이치농협캐피탈빌딩 ),sap930
6019,닥터뉴셀의원 강남본점,서울특별시 강남구 강남대로 458 (역삼동) ( 남영빌딩 ),sap931
6020,비엘에스의원,서울특별시 강남구 도산대로67길 13-5 (청담동) ( BLS클리닉빌딩 ),sap932
6021,스마일피부과의원,경상북도 경산시 중앙로 77 (중방동),sap933
6022,김앤김의원,울산광역시 동구 방어진순환도로 633 (일산동) ( 세인트에스타워 ),sap934
6023,정산부인과,부산광역시 기장군 기장읍 차성동로 94,sap935
6024,선샤인피부과의원,부산광역시 사상구 가야대로 276 (주례동) ( M-square 메디컬센터 ),sap936
6025,바른세상병원,경기도 성남시 분당구 야탑로75번길 9 (야탑동) ( 금호프라자 ),sap937
6026,프라이즈피부과의원,서울특별시 서초구 효령로 403 (서초동),sap938
6027,포에버의원,부산광역시 부산진구 서면로 74 (부전동) ( 아이온시티빌딩 ),sap939
6028,티아라의원,대구광역시 중구 동성로5길 26 (삼덕동1가),sap940
6030,미앤모의원,"서울특별시 종로구 숭인동길 21 (숭인동, 종로청계힐스테이트)",sap941
6031,엘브이성형외과의원,서울특별시 강남구 도산대로 107 (신사동) ( BIO ),sap942
6032,뷰티스카이의원,서울특별시 강동구 올림픽로 653 (천호동) ( 우장빌딩 ),sap943
6033,닉스의원 대전점,대전광역시 서구 대덕대로 194 (둔산동) ( 백마빌딩 ),sap944
6034,리젠클리닉,서울특별시 강남구 강남대로 528 (논현동),sap945
6035,스타피부과의원,대전광역시 유성구 원신흥남로28번길 88 (원신흥동),sap946
6036,밴스의원 구월,인천광역시 남동구 인하로507번길 9 (구월동) ( 하나빌딩 ),sap947
6037,이루어의원,경기도 남양주시 다산중앙로 132 (다산동),sap948
6043,바른피부과,광주광역시 남구 봉선2로 41 (봉선동) ( 스카이빌딩 ),sap949
6044,압구정제이엘의원,광주광역시 서구 상무중앙로 64 (치평동) ( 골드메디타워 ),sap950
6045,청담디어의원,서울특별시 강남구 선릉로 820 (청담동),sap951
6046,닥터디자이너광주점,광주광역시 서구 상무자유로 134 (치평동) ( 오션빌딩 ),sap952
6047,바로그의원청주,충청북도 청주시 상당구 사직대로 379 (북문로2가) ( 타임타워 ),sap953
6048,셀린의원,서울특별시 은평구 연서로 214 (대조동),sap954
6049,8770702561,서울특별시 서초구 강남대로 439 (서초동) ( 유화빌딩 ),sap955
6050,닥터튠즈의원,대구광역시 중구 중앙대로 366 (덕산동),sap956
6051,자연예쁨의원,서울특별시 강남구 강남대로 432 (역삼동) ( 점프밀라노 ),sap957
6052,아미엘연합의원,경상북도 구미시 옥계북로 40 (옥계동),sap958
6053,유앤아이의원안양점,경기도 안양시 동안구 시민대로 161 (비산동) ( 안양무역센터 ),sap959
6054,루미인 피부과의원,서울특별시 강남구 선릉로 324 (대치동) ( SH타워 ),sap960
6055,박종필,충청남도 아산시 충무로 4 (온천동) ( 인당빌딩 ),sap961
6056,나나성형외과의원,서울특별시 강남구 강남대로 492 (논현동) ( 한맥빌딩 ),sap962
6057,올의원,서울특별시 중구 퇴계로 132 (남산동3가) ( LK빌딩 ),sap963
6058,유달리의원,대구광역시 중구 국채보상로 582 (남일동) ( 미도빌딩 ),sap964
6059,사랑한방병원,경기도 평택시 경기대로 1393 (서정동),sap965
6060,서울아이성형외과,서울특별시 서초구 강남대로 415 (서초동) ( 대동빌딩 ),sap966
6061,연세예쁨의원,대구광역시 수성구 지범로 182 (지산동) ( 농협 범물지점 ),sap967
6062,7296500639,서울특별시 강남구 도산대로45길 10-7 (신사동) ( 신사동  K빌딩 ),sap968
6063,왕실의원,인천광역시 부평구 경인로 948 (부평동),sap969
6064,바로그의원,경상남도 창원시 진해구 진해대로 742 (석동) ( H빌딩 ),sap970
6066,밀리의원,서울특별시 마포구 신촌로 104 (노고산동),sap971
6067,밀리의원,서울특별시 강남구 도산대로45길 17 (신사동) ( 제성빌딩 ),sap972
6068,여의공감성형외과,서울특별시 영등포구 여의나루로 81 (여의도동) ( 한마루빌딩 ),sap973
6069,더웰니스의원,서울특별시 서초구 신반포로 219 (잠원동) ( 반포쇼핑타운 ),sap974
6070,샤인빔의원 천안점,충청남도 천안시 동남구 만남로 42 (신부동),sap975
6071,이유클리닉,서울특별시 강남구 논현로 826 (신사동) ( 제이와이(JY빌딩) ),sap976
6072,다이아의원,서울특별시 서초구 강남대로 411 (서초동),sap977
6074,후 의원,인천광역시 부평구 경원대로 1409 (부평동) ( 반석빌딩 ),sap978
6075,델픽의원,서울특별시 강남구 강남대로 476 (논현동) ( urbanhive ),sap979
6076,베일러의원,서울특별시 서초구 강남대로 617 (잠원동) ( 대양빌딩 ),sap980
6078,톤즈의원 용인점,경기도 용인시 처인구 금령로71번길 3 (김량장동),sap981
6079,온유성형외과의원,서울특별시 강남구 논현로 828 (신사동),sap982
6080,아이워너비 의원 천안점,충청남도 천안시 서북구 번영로 201 (불당동),sap983
6081,강남밴스의원,서울특별시 서초구 강남대로 411 (서초동),sap984
6082,카린의원,서울특별시 중구 명동10길 18 (명동2가),sap985
6083,닥터튠즈의원,대구광역시 중구 중앙대로 366 (덕산동),sap986
6084,블리비의원,서울특별시 영등포구 영중로 28 (영등포동3가) ( 영등포 점프밀라노 ),sap987
6085,이진성형외과/케이제이메드(부울경대리점),부산광역시 부산진구 서면로 60 (부전동),sap988
6087,닥터쁘띠의원 홍대입구,서울특별시 마포구 양화로 162 (동교동),sap989
6088,세가지소원의원 명동점,서울특별시 중구 명동8가길 33 (충무로2가),sap990
6089,노블클래식의원,충청남도 천안시 서북구 동서대로 129 (성정동) ( 단국성정빌딩 ),sap991
6091,6031380313,서울특별시 강남구 도산대로 333 (신사동) ( K  메디칼타워 ),sap992
6092,안티에이징의원,서울특별시 강남구 도곡로 317 (역삼동),sap993
6093,스노우의원 파주운정점,경기도 파주시 경의로 1246 (와동동),sap994
6094,세이예스의원,서울특별시 강남구 강남대로 476 (논현동) ( urbanhive ),sap995
6095,쁘띠2.7의원,광주광역시 서구 죽봉대로 80 (농성동),sap996
6096,뉴리즈의원,인천광역시 남동구 인하로 497-15 (구월동) ( 대건빌딩 ),sap997
6097,건대톡스앤필의원,서울특별시 광진구 아차산로 237 (화양동) ( 삼진빌딩 ),sap998
6098,청담리브의원,광주광역시 광산구 선운중앙로 65 (선암동),sap999
6099,나인피부과의원 연신내,서울특별시 은평구 통일로 855-8 (갈현동) ( 연신내진원와이타운 ),sap1000
6100,연세미라클의원,"강원특별자치도 춘천시 방송길 77 (온의동, 춘천 센트럴타워 푸르지오)",sap1001
6102,강남헤라성형외과/본사,서울특별시 서초구 서초대로73길 9 (서초동) ( 타임빌딩 ),sap1002
6103,카멜리아의원,제주특별자치도 서귀포시 대정읍 영어도시로 60,sap1003
6105,베스트피부과의원,부산광역시 해운대구 해운대로 814 (좌동) ( 세종월드프라자 ),sap1004
6106,천호예쁨주의쁨의원,서울특별시 강동구 천호대로 1012 (성내동),sap1005
6107,벨다드의원,경상남도 창원시 성산구 마디미서로 3 (상남동) ( 세중빌딩 ),sap1006
6109,유앤아이의원 안산점,경기도 안산시 단원구 중앙대로 885 (고잔동) ( 힐스테이트 에코 ),sap1007
6111,청담코지의원,서울특별시 강남구 압구정로60길 26 (청담동),sap1008
6113,에이봄의원,경기도 하남시 위례학암로14번길 35 (학암동) ( 경서타워1 ),sap1009
6114,리멤버피부과의원 잠실점,서울특별시 송파구 올림픽로37길 130 (신천동) ( 파크리오 ),sap1010
6115,에스앤유피부과의원,경기도 성남시 분당구 황새울로200번길 9-7 (수내동) ( 현대판테온I오피스텔 ),sap1011
6116,루니아의원,경기도 군포시 산본천로 62 (산본동) ( 인베스텔 ),sap1012
6117,뷰티젠의원,경기도 하남시 위례대로 256 (학암동),sap1013
6118,비엘성형외과,대구광역시 중구 동성로2길 95 (동성로2가) ( BL타워 ),sap1014
6119,디오레의원,서울특별시 강남구 강남대로 428 (역삼동) ( 만이빌딩 ),sap1015
6120,올리원의원,부산광역시 동래구 우장춘로 7 (온천동) ( 보민빌딩 ),sap1016
6121,톤즈의원 동탄점,경기도 화성시 동탄원천로 153 (반송동),sap1017
6122,더웰피부과,대전광역시 유성구 온천로 34 (봉명동) ( 유성빌딩 ),sap1018
6123,아르나의원,서울특별시 강남구 압구정로20길 24 (신사동),sap1019
6124,스노우의원 대전둔산,대전광역시 서구 대덕대로241번길 19 (둔산동) ( ST타워 ),sap1020
6125,라메스피부과의원,서울특별시 강남구 언주로 563 (역삼동),sap1021
6126,신세계안피부과의원,서울특별시 서초구 신반포로 176 (반포동) ( 센트럴시티 ),sap1022
6127,닥터스피부과의원,충청북도 청주시 흥덕구 대농로 39 (복대동),sap1023
6128,아름다운의웬,강원특별자치도 속초시 중앙로 96 (청학동),sap1024
6129,밴스의원청주,충청북도 청주시 흥덕구 강서로 121 (강서동),sap1025
6130,봉암중앙의원,경상남도 창원시 마산회원구 봉암북4길 8 (봉암동),sap1026
6131,더블유피부과,대구광역시 수성구 청수로 178 (지산동),sap1027
6132,플레저성형외과,서울특별시 강남구 강남대로 476 (논현동) ( urbanhive ),sap1028
6133,테시토의원,서울특별시 마포구 성지1길 39 (합정동),sap1029
6134,토마토피부과의원,대구광역시 달서구 당산로 88 (성당동),sap1030
6135,데이뷰의원 강남,서울특별시 강남구 강남대로 494 (논현동),sap1031
6136,세린의원,서울특별시 성동구 아차산로 122 (성수동2가) ( 백석빌딩 ),sap1032
6137,디오디피부과,"서울특별시 용산구 한강대로 95 (한강로2가, 래미안용산 더 센트럴)",sap1033
6139,블리비의원,서울특별시 관악구 시흥대로 552 (신림동) ( 석천빌딩 ),sap1034
6140,밴스의원 수원장안,경기도 수원시 장안구 대평로 86 (정자동),sap1035
6142,탐나는B&amp;S의원,경상남도 진주시 진주대로 542 (가좌동) ( NH뜰에빌 ),sap1036
6143,르네의원,인천광역시 중구 하늘중앙로195번길 21 (중산동),sap1037
6144,엔의원,경상북도 포항시 북구 신덕로 256 (양덕동),sap1038
6145,미애로여성의원,대전광역시 서구 둔산로 121 (둔산동) ( 연당빌딩 ),sap1039
6146,멜로우피부과의원,서울특별시 강남구 도산대로 429 (청담동),sap1040
6147,바로그의원 이천점,경기도 이천시 영창로 226 (창전동) ( 이천골든타워 ),sap1041
6148,나세르의원,서울특별시 강남구 강남대로 406 (역삼동) ( GLASS TOWER ),sap1042
6149,라온피부과의원,서울특별시 성동구 고산자로 234 (행당동),sap1043
6150,스토리피부과의원,서울특별시 강남구 테헤란로 231 (역삼동) ( 센터필드 ),sap1044
6151,뷰티온의원별내,경기도 남양주시 별내중앙로 24 (별내동),sap1045
6154,트윙클의원,서울특별시 서초구 강남대로 535 (반포동) ( 프린스빌딩 ),sap1046
6155,셀 앤 케이 의원,서울특별시 강서구 공항대로 242 (마곡동) ( 열린M타워Ⅱ ),sap1047
6156,세예의원,서울특별시 서초구 서초대로77길 55 (서초동) ( 에이프로 스퀘어 ),sap1048
6157,바로그의원아산점,충청남도 아산시 번영로 226 (모종동) ( 현진빌딩 ),sap1049
6158,닥터에버스 미사점,경기도 하남시 미사강변동로 81 (망월동) ( 미사역 큐브앤 타워 ),sap1050
6159,필로의원,경기도 성남시 분당구 정자일로198번길 15 (정자동) ( 제나프라자 ),sap1051
6160,아이니의원,서울특별시 강남구 압구정로 152 (신사동) ( 극동타워 ),sap1052
6161,뷰티바성형외과의원,서울특별시 강남구 도산대로 107 (신사동) ( BIO ),sap1053
6162,청담나인의원,경기도 부천시 원미구 길주로 280 (중동) ( 프리머스 부천타워 ),sap1054
6163,로웰성형외과 의원,서울특별시 강남구 테헤란로 121 (역삼동) ( 원빌딩 ),sap1055
6164,데이뷰의원 안양범계점,경기도 안양시 동안구 평촌대로211번길 16 (호계동) ( 삼희월드프라자 ),sap1056
6166,미채움의원,경상북도 포항시 북구 포스코대로 276 (죽도동),sap1057
6167,블루미의원,대구광역시 중구 동성로1길 16 (덕산동) ( 동성로타워 ),sap1058
6168,닥터스피부과의원 강북미아점,서울특별시 강북구 도봉로 52 (미아동) ( 연이빌딩 ),sap1059
6169,비에이의원,대전광역시 서구 대덕대로 226 (둔산동),sap1060
6171,밴스의원 일산,경기도 고양시 일산동구 정발산로 33 (장항동) ( 낙원프라자 ),sap1061
6172,나인의원홍대점,서울특별시 마포구 양화로 165 (동교동),sap1062
6173,톤즈의원 인천검단점,인천광역시 서구 이음1로 377 (원당동) ( 검단 눈담봄 101 ),sap1063
6174,브리즌의원,경기도 하남시 미사강변중앙로 185 (망월동) ( 골든타임 ),sap1064
6175,누브의원,서울특별시 강남구 테헤란로44길 7 (역삼동),sap1065
6176,베러미의원,대구광역시 중구 동성로 17 (동성로2가) ( 대암빌딩 ),sap1066
6177,프리미의원,서울특별시 성동구 성수일로 52 (성수동2가),sap1067
6178,유포리아의원,대구광역시 북구 학정로 439 (동천동) ( 칠곡메가타운 ),sap1068
6179,미즈웰여성의원,충청남도 서산시 안견로 201 (동문동),sap1069
6182,딜라이트피부과,서울특별시 서초구 강남대로 509 (반포동),sap1070
6184,미올린의원,경기도 시흥시 장곡로37번길 16 (장곡동) ( 형제빌딩 ),sap1071
6185,셀리앤의원,서울특별시 강남구 도산대로 228 (논현동) ( 연승빌딩 ),sap1072
6186,엘의원,대전광역시 대덕구 대덕대로 1590 (석봉동),sap1073
6187,한나병원,부산광역시 수영구 황령대로481번길 7 (남천동) ( 한나병원 ),sap1074
6188,밴스의원 진주,경상남도 진주시 순환로 539 (평거동),sap1075
6189,성피부과의원,경상북도 구미시 구미중앙로 149 (원평동),sap1076
6190,리슈어스의원,경기도 수원시 영통구 도청로 103 (이의동) ( e편한세상 시티 광교 ),sap1077
6191,데이뷰 의원 여의도,서울특별시 영등포구 국제금융로2길 17 (여의도동),sap1078
6192,올라인클리닉,서울특별시 마포구 양화로 140 (동교동),sap1079
6193,이지함피부과의원,경기도 성남시 분당구 서현로 204 (서현동) ( 엘지에클라트2 ),sap1080
6194,기린성형외과의원,서울특별시 서초구 서초대로77길 54 (서초동) ( 서초더블유타워 ),sap1081
6196,리포유의원,인천광역시 서구 원당대로 1029 (원당동) ( 검단 라페온빌 1차 ),sap1082
6197,셀러브의원,서울특별시 강남구 도산대로 119 (신사동),sap1083
6198,크림의원,경기도 안양시 동안구 시민대로 161 (비산동) ( 안양무역센터 ),sap1084
6199,밴스의원 여의도,서울특별시 영등포구 여의대방로67길 11 (여의도동),sap1085
6200,제너리스의원,경기도 남양주시 다산중앙로 132 (다산동),sap1086
6201,멜비유의원,부산광역시 해운대구 센텀2로 28 (우동),sap1087
6204,끌리어 의원,대구광역시 중구 달구벌대로 1992 (남산동),sap1088
6205,데이즈피부과의원,경기도 안산시 단원구 광덕대로 161 (고잔동) ( 웅신아트프라자 ),sap1089
6206,아비쥬의원 구로점,서울특별시 구로구 시흥대로 561 (구로동) ( 동해빌딩 ),sap1090
6207,서울뉴라인의원,제주특별자치도 제주시 노형로 380 (노형동),sap1091
6208,유앤아이피부과의원,서울특별시 성동구 왕십리로 315 (행당동) ( 한동타워 ),sap1092
6209,000클리닉,서울특별시 서초구 강남대로 509 (반포동),sap1093
6210,뷰티라운지의원,경기도 화성시 동탄대로 537 (오산동),sap1094
6211,디아브의원(Diav clinic),서울특별시 중구 퇴계로 109 (충무로1가),sap1095
6212,더비비성형외과의원,서울특별시 강남구 강남대로 402 (역삼동) ( 시계탑빌딩 ),sap1096
6215,아름다움을써내려가다에피소드의원,서울특별시 송파구 올림픽로 336 (방이동) ( 대우유토피아오피스텔 ),sap1097
6217,"당신만의 가치, 벨유 의원",서울특별시 중구 명동길 32 (명동2가),sap1098
6218,이과수비뇨기과의원,경기도 구리시 경춘로 163 (교문동) ( 구리노블하임오피스텔 ),sap1099
6219,뷰티온의원 서산점,충청남도 아산시 배방읍 광장로 210 (요진 와이시티),sap1100
6220,오르타의원,서울특별시 서초구 강남대로69길 10 (서초동),sap1101
6222,바로그의원 강남점,서울특별시 강남구 강남대로 410 (역삼동) ( 우신빌딩 ),sap1102
6223,하늘호수피부과의원,서울특별시 강동구 고덕로 254 (명일동) ( 이화빌딩 ),sap1103
6224,플래뉴의원,서울특별시 서초구 서초대로78길 22 (서초동) ( 홍우제2빌딩 ),sap1104
6225,더퍼스트피부과,부산광역시 남구 수영로 299 (대연동) ( 대한결핵협회 부산광역시지부 ),sap1105
6226,헤이데이명동,서울특별시 중구 남대문로 90 (남대문로2가) ( 명동N빌딩 ),sap1106
6227,닥터디자이너원 명동점,서울특별시 중구 명동3길 44 (을지로2가),sap1107
6228,연세보미온의원,충청남도 천안시 서북구 성거읍 수청2길 21,sap1108
6231,빛채운피부과의원,"서울특별시 영등포구 국제금융로 39 (여의도동, 브라이튼 여의도)",sap1109
6232,반니성형외과의원,서울특별시 강남구 테헤란로 107 (역삼동) ( 메디타워 ),sap1110
6233,샤인빔의원 다산점,경기도 남양주시 다산중앙로123번길 21-7 (다산동) ( 신해센트럴타워Ⅰ ),sap1111
6235,뮤즈의원 분당,경기도 성남시 분당구 성남대로 349 (정자동) ( 시그마타워 ),sap1112
6237,레디원성형외과의원,경상북도 포항시 북구 포스코대로 310 (죽도동) ( JES 빌딩 ),sap1113
6238,트로피 피부과 의원,서울특별시 강남구 논현로 828 (신사동),sap1114
6239,밴스의원 마포공덕,"서울특별시 마포구 마포대로 68 (도화동, 마포아크로타워)",sap1115
6240,4140863710/아름다운의원,부산광역시 북구 화명대로 34 (화명동) ( 웰빙프라자 ),sap1116
6241,밴스의원충주,충청북도 충주시 갱고개로 147 (연수동),sap1117
6242,샤인빔의원,충청북도 청주시 흥덕구 강서로 107 (강서동),sap1118
6243,데이뷰의원 강서발산점,서울특별시 강서구 강서로 399 (마곡동) ( 마곡하이마루 ),sap1119
6244,제주 365플러스내과의원,제주특별자치도 서귀포시 일주동로 9159 (법환동),sap1120
6245,피아프의원,서울특별시 송파구 올림픽로 82 (잠실동) ( 잠실현대빌딩 ),sap1121
6246,톤즈의원 강서발산점,"서울특별시 강서구 강서로52길 43 (내발산동, DH647)",sap1122
6247,역삼밴스의원,서울특별시 강남구 테헤란로 121 (역삼동) ( 원빌딩 ),sap1123
6248,하예스킨의원,서울특별시 용산구 독서당로 80 (한남동) ( 대정빌딩 ),sap1124
6250,청담에스의원,충청남도 홍성군 홍북읍 청사로 36 ( 승우빌딩 ),sap1125
6252,루니아의원경산점,경상북도 경산시 대학로 44 (정평동),sap1126
6253,뷰티라운지의원,경기도 수원시 팔달구 효원로 278 (인계동),sap1127
6254,헤아린피부과의원,경기도 고양시 덕양구 충장로 126 (행신동),sap1128
6255,홍대 아이디의원,서울특별시 마포구 양화로 140 (동교동),sap1129
6256,뷰티라운지의원,경기도 평택시 고덕중앙로 200-4 (고덕동) ( 우성고덕타워 ),sap1130
6258,가온미의원,부산광역시 중구 흑교로 6 (부평동2가),sap1131
6259,체미안의원,부산광역시 부산진구 가야대로 785 (부전동) ( 성영빌딩 ),sap1132
6260,서울SUN치과병원,경기도 파주시 경의로 1208 (와동동),sap1133
6263,청담이음엘(L)의원,서울특별시 강남구 선릉로158길 10 (청담동),sap1134
6264,예라인의원,경기도 성남시 분당구 돌마로 47 (금곡동) ( 이코노샤르망 ),sap1135
6265,노블클래식의원,서울특별시 강북구 월계로 43-1 (미아동) ( 성림빌딩 ),sap1136
6266,서대규제니스의원,대구광역시 달서구 당산로 35 (본리동) ( 달서종합상가 ),sap1137
6267,투앤티의원,경기도 수원시 영통구 덕영대로 1478 (망포동) ( 망포역 포레 스퀘어 ),sap1138
6268,블리비의원,경기도 구리시 경춘로 239 (인창동) ( 리맥스빌딩 ),sap1139
6269,김석주피부과/라온메디컬,경상북도 포항시 북구 중흥로 228 (죽도동),sap1140
6270,클레어성형외과의원,서울특별시 강남구 테헤란로 107 (역삼동) ( 메디타워 ),sap1141
6271,톤즈의원 분당점,경기도 성남시 분당구 서현로 170 (서현동) ( 풍림아이원플러스 ),sap1142
6272,강남뷰티성형외과,서울특별시 강남구 강남대로 478 (논현동) ( 제우빌딩 ),sap1143
6279,모찌의원,서울특별시 서초구 강남대로 403 (서초동),sap1144
6280,은병원,광주광역시 북구 동문대로 94 (두암동) ( 은병원 ),sap1145
6281,아비쥬의원(잠실점),서울특별시 송파구 올림픽로 96 (잠실동) ( 동신빌딩 ),sap1146
6285,뷰티온피부과의원 양주옥정점,경기도 양주시 회천남로 76 (옥정동) ( 한덕타워 ),sap1147
6286,벨로의원,서울특별시 강남구 도산대로 111 (신사동) ( S-TOWER ),sap1148
6287,프리아의원,서울특별시 서초구 강남대로 349 (서초동) ( 우남빌딩 ),sap1149
6288,샤인유의원(강남점),서울특별시 강남구 논현로 611 (논현동),sap1150
6291,청담오아로피부과,서울특별시 강남구 도산대로 327 (신사동),sap1151
6292,펠릭스의원,인천광역시 부평구 경원대로 1382 (부평동) ( 대한빌딩 ),sap1152
6293,그레이스피부과의원,부산광역시 해운대구 좌동순환로 6 (중동) ( L TOWER ),sap1153
6294,루미에버의원,경기도 성남시 수정구 수정로 285 (신흥동),sap1154
6295,명동2호점 밴스의원,서울특별시 중구 퇴계로 109 (충무로1가),sap1155
6296,미리내의원,경기도 평택시 송탄로 71 (이충동),sap1156
6297,메이린의원 울산점,울산광역시 남구 삼산로 261 (삼산동) ( 현대백화점 ),sap1157
6298,스노우의원 여수점,전라남도 여수시 시청로 15 (학동),sap1158
6299,뚜뚜의원,서울특별시 강남구 봉은사로24길 24 (역삼동),sap1159
6300,스노우의원 안산점,경기도 안산시 단원구 중앙대로 885 (고잔동) ( 힐스테이트 에코 ),sap1160
6301,미미썸의원 부산 덕천점,부산광역시 북구 만덕대로 33 (덕천동) ( 삼원빌딩 ),sap1161
6303,셀린의원 삼성점,서울특별시 강남구 테헤란로 443 (삼성동) ( 애플트리타워 ),sap1162
6304,스노우의원시흥배곧점,경기도 시흥시 배곧3로 86 (배곧동) ( 센터프라자2 ),sap1163
6306,더고운 의원,전북특별자치도 순창군 순창읍 장류로 372,sap1164
6309,시크릿의원,경기도 성남시 수정구 위례광장로 300 (창곡동) ( 창곡동 509번지 ),sap1165
6311,데이뷰의원 분당,경기도 성남시 분당구 성남대로331번길 3-9 (정자동) ( 백궁프라자3 ),sap1166
6312,신논현톡스앤필의원,서울특별시 강남구 강남대로 484 (논현동) ( HK빌딩 ),sap1167
6313,라엘르의원,서울특별시 강남구 선릉로86길 15 (대치동) ( 현대선릉 GOLD TOWER ),sap1168
6316,리프티크피부과의원,서울특별시 서초구 나루터로 80 (잠원동) ( 자은빌딩 ),sap1169
6318,아름다운의원,제주특별자치도 서귀포시 일주동로 8671 (서귀동),sap1170
6321,리버스의원 홍대,서울특별시 마포구 양화로 165 (동교동),sap1171
6322,바로그의원 연신내점,서울특별시 은평구 연서로 246 (불광동) ( 타워크리닉 ),sap1172
6323,릴리브의원,서울특별시 강남구 논현로 867 (신사동) ( 한승빌딩 ),sap1173
6324,네스트의원 강남,서울특별시 서초구 강남대로 453 (서초동) ( 서초빌딩 ),sap1174
6326,아카이브 청담 의원,서울특별시 강남구 선릉로 836 (청담동) ( 삼원빌딩 ),sap1175
6329,미금밴스의원,경기도 성남시 분당구 돌마로 86 (구미동) ( 엘레강스프라자 ),sap1176
6330,타토아의원,경기도 의정부시 시민로 80 (의정부동) ( 센트럴타워 ),sap1177
6331,스노우의원 노원점,서울특별시 노원구 노해로 459 (상계동) ( 메가빌딩 ),sap1178
6332,주식회사 지아이엠에스오,서울특별시 강남구 도산대로8길 12 (논현동),sap1179
6333,서산성심외과,충청남도 서산시 율지4로 11 (동문동),sap1180
6334,아트너의원 죽전점,대구광역시 달서구 달구벌대로 1565 (죽전동),sap1181
6335,새오름피부과의원,서울특별시 동작구 동작대로 89 (사당동) ( 골든시네마타워 ),sap1182
6336,메드필의원,대구광역시 동구 신암로 100 (신암동) ( 디앤씨 빌딩 ),sap1183
6337,밴스의원,경기도 남양주시 다산중앙로146번길 22 (다산동) ( 가하프라자 ),sap1184
6338,뷰티라운지,서울특별시 서초구 효령로33길 55 (방배동) ( 디엠타워동관 ),sap1185
6339,톤즈의원 대전둔산점,대전광역시 서구 대덕대로 223 (둔산동),sap1186
6340,서울뷰의원 평택,경기도 평택시 고덕로 250 (고덕동),sap1187
6343,블리비의원,경상북도 경주시 원화로 298-1 (성동동),sap1188
6344,크리미의원,대전광역시 서구 둔산로 25 (둔산동),sap1189
6350,티아라의원,대구광역시 중구 동성로5길 26 (삼덕동1가),sap1190
6351,블리비의원,세종특별자치시 한누리대로 275 (나성동) ( 형성프라자 ),iiii
4922,소요의원,서울 강남구 도산대로 317 (신사동. 호림아트센터 1빌딩),TEST1
5827,에비뉴의원,경기도 평택시 평택2로 30 (평택동),
6214,90일의기적,서울특별시 강남구 도산대로 509 (청담동) ( 에스디바이오센서 ),
6319,아르스킨 의원,서울특별시 마포구 양화로 164 (동교동) ( 동덕타워 ),
6327,청담맥의원,서울특별시 구로구 디지털로 288 (구로동) ( 대륭포스트타워1차 ),
6347,리베리의원 명동점,서울특별시 중구 명동10길 58 (충무로2가) ( 신일빌딩별관 ),
6348,유메이비의원(구.메이드유의원 노원),서울특별시 노원구 노해로 456 (상계동) ( 동방빌딩 ),
6356,클럽미즈라미체의원,서울특별시 송파구 백제고분로7길 14 (잠실동) ( 태원빌딩 ),
6359,더힐피부과의원 동대문점,서울특별시 동대문구 왕산로36길 6 (전농동) ( 힐스테이트 청량리 더퍼스트 ),
6362,리쥬엘의원 강남점,서울특별시 서초구 강남대로 403 (서초동) 8층 리쥬엘의원 강남점,
6352,시원마취통증의학과의원,경상북도 포항시 북구 중흥로 239 (죽도동) 상가 1층 시원마취통증의학과,
6364,디온의원 신사점,서울특별시 강남구 강남대로 624 (신사동) ( ICT TOWER ) 9층,
6368,워너비의원,부산광역시 해운대구 센텀남대로 50 (우동) ( 센템임페리얼타워 ) 7층 702호 워너비의원,
6370,청담준의원,"서울특별시 중랑구 망우로 322 (상봉동, 상봉역 유보라 퍼스트리브&포스퀘어) 202호 청담준의원",
6367,리버스의원(강남점),서울특별시 서초구 강남대로 415 (서초동) ( 대동빌딩 ) 9층 리버스클리닉,
5591,메이저피부과신촌점,서울 서대문구 연세로 8-1 (창천동. VERTIGO) 버티고타워 4층 메이저피부과 신촌점,
6371,스타필의원,경기도 고양시 덕양구 호국로789번길 6 (주교동) ( 중앙빌딩 ) 3층 스타필의원(피부과 성형외과),
6261,유니티의원,대구광역시 수성구 달구벌대로 2397 (범어동) ( KB손해보험 대구빌딩 ) 7층,
6373,데이뷰의원 인천구월,인천광역시 남동구 인하로489번길 4 (구월동) ( 맨하탄빌딩 ) 6층,
6377,센텀스타의원,부산광역시 해운대구 센텀2로 20 (우동) 센텀타워메디컬 5층 센텀스타의원,
6378,밴스의원 광교,"경기도 수원시 영통구 도청로66번길 6 (이의동, 힐스테이트광교중앙역퍼스트) 제229호~제235호 2층 밴스의원",
6380,강남닥터에버스의원,"서울특별시 강남구 강남대로 458 (역삼동) ( 남영빌딩 ) 8,9층 닥터에버스의원 강남점",
6375,리멤버피부과 별내점,경기도 남양주시 별내중앙로 10 (별내동) ( 별내역 아이파크 스위트 ) 2층 211호 리멤버피부과 별내점,
6382,4285500488,서울특별시 강동구 성내로 66 (성내동) ( 채원빌딩 ) 더셀채원병원2층,
6349,셀린의원 광명,경기도 광명시 철산로 20 (철산동) ( 야우리빌딩 ) 8층 셀린의원,
6386,디렉터의원,울산광역시 남구 삼산로 273 (삼산동) ( 삼산타워 ) 14층,
6314,르모아의원,서울특별시 강남구 선릉로 301 (역삼동) 201호 르모아의원,
4888,닥터스와니예의원,경기 안양시 동안구 평촌대로217번길 45 (호계동. 평촌코아주차빌딩) 2층 212호 닥터스와니예,
5987,셀렉트 피부과 의원,부산광역시 사하구 낙동남로 1406 (하단동) 정우빌딩 3층 셀렉트피부과,
6315,수원그리고의원,경기도 수원시 팔달구 효원로 288 (인계동) ( 대원콤비프라자 ) 1층 수원그리고의원,
6388,셀린의원 명동점,서울특별시 중구 남대문로7길 16 (소공동) ( 소공 한국빌딩 ) 1층 셀린의원 명동점,
5909,마레피부과,광주광역시 동구 남문로 693 (학동) 마레피부과3층,
6389,미오르의원,대전광역시 유성구 상대복용로29번길 21 (상대동) 아이타워 2층 미오르의원,
6392,플러스피부과의원,"충청북도 청주시 흥덕구 대농로 39 (복대동) LK 트리플렉스 A동 202,203호 플러스피부과의원",
5681,포에버의원 구리,경기 구리시 경춘로 239 (인창동. 리맥스빌딩) 7층 포에버성형회과,
5088,다움성형외과의원,서울 강남구 강남대로 388 (역삼동. 강남센타빌딩) 8층 다움성형외과,
6397,동대문 밴스의원,서울특별시 중구 장충단로 275 (을지로6가) ( 두산타워빌딩 ) B1층 92호 밴스의원,
6365,비알피부과의원,서울특별시 강남구 논현로 857 (신사동) ( A857 ) 4층 BR피부과,
6213,시즈의원,서울특별시 강남구 도산대로57길 24 (청담동) 4층 시즈클리닉,
6391,서울뷰의원 인천,인천광역시 부평구 길주로 643 (삼산동) ( 명윤빌딩 ) 8층 서울뷰의원,
6393,셀레스티얼의원,서울특별시 강남구 테헤란로87길 17 (삼성동) ( 마젤란 21 아스테리움 ) 제302호 셀레스티얼의원,
6398,물빛피부과,광주광역시 남구 서문대로701번길 2 (진월동) 넥스타워8층 ,TEST5
6345,페필의원,서울특별시 강동구 천호대로157길 14 (천호동) ( 나비빌딩 ) 7층 페필의원,
6396,영등포 밴스의원,서울특별시 영등포구 영중로 12 (영등포동3가) ( 에쉐르아이 시네마 쇼핑몰 ) 11층 밴스의원,
